frame,0_x,0_y,0_z,0_visibility,1_x,1_y,1_z,1_visibility,2_x,2_y,2_z,2_visibility,3_x,3_y,3_z,3_visibility,4_x,4_y,4_z,4_visibility,5_x,5_y,5_z,5_visibility,6_x,6_y,6_z,6_visibility,7_x,7_y,7_z,7_visibility,8_x,8_y,8_z,8_visibility,9_x,9_y,9_z,9_visibility,10_x,10_y,10_z,10_visibility,11_x,11_y,11_z,11_visibility,12_x,12_y,12_z,12_visibility,13_x,13_y,13_z,13_visibility,14_x,14_y,14_z,14_visibility,15_x,15_y,15_z,15_visibility,16_x,16_y,16_z,16_visibility,17_x,17_y,17_z,17_visibility,18_x,18_y,18_z,18_visibility,19_x,19_y,19_z,19_visibility,20_x,20_y,20_z,20_visibility,21_x,21_y,21_z,21_visibility,22_x,22_y,22_z,22_visibility,23_x,23_y,23_z,23_visibility,24_x,24_y,24_z,24_visibility,25_x,25_y,25_z,25_visibility,26_x,26_y,26_z,26_visibility,27_x,27_y,27_z,27_visibility,28_x,28_y,28_z,28_visibility,29_x,29_y,29_z,29_visibility,30_x,30_y,30_z,30_visibility,31_x,31_y,31_z,31_visibility,32_x,32_y,32_z,32_visibility,label
169,0.5513991713523865,0.3374940752983093,-0.026424560695886612,0.9993859529495239,0.5526812672615051,0.32172343134880066,-0.017987404018640518,0.9989416003227234,0.5521069169044495,0.32045191526412964,-0.018007269129157066,0.9989917874336243,0.5513008832931519,0.3189288377761841,-0.017980653792619705,0.9988635778427124,0.5516141653060913,0.3206336796283722,-0.048054639250040054,0.9988188147544861,0.5503493547439575,0.3186757564544678,-0.04809800162911415,0.9990336894989014,0.5488599538803101,0.3164103031158447,-0.04810494929552078,0.9988845586776733,0.540411114692688,0.30859607458114624,0.0337410606443882,0.9971473217010498,0.5383502244949341,0.307064414024353,-0.10160943120718002,0.9990665316581726,0.5443164110183716,0.34405744075775146,-0.004132430534809828,0.9973942041397095,0.5431908965110779,0.34195947647094727,-0.04352758452296257,0.9980115294456482,0.5106742978096008,0.3641931116580963,0.10325533896684647,0.998717725276947,0.5003849267959595,0.3601663410663605,-0.1433401107788086,0.9998849034309387,0.514776885509491,0.46376433968544006,0.08381018042564392,0.06468787044286728,0.5209532976150513,0.46967849135398865,-0.11108972132205963,0.9794822931289673,0.5417478084564209,0.4436226785182953,-0.05354790762066841,0.11113051325082779,0.5459333062171936,0.391586035490036,0.01811777986586094,0.947039008140564,0.5469560623168945,0.4310010075569153,-0.07362332195043564,0.11636793613433838,0.5514040589332581,0.36941537261009216,0.018513912335038185,0.918034553527832,0.5476402044296265,0.44214028120040894,-0.079214908182621,0.12490042299032211,0.546608567237854,0.36356520652770996,0.01400598231703043,0.917360782623291,0.5427658557891846,0.4414530098438263,-0.06264735013246536,0.13544633984565735,0.5442899465560913,0.3699409067630768,0.021702755242586136,0.8807089924812317,0.5208747386932373,0.5782604813575745,0.08172481507062912,0.998913586139679,0.5022032856941223,0.5817006826400757,-0.08166699856519699,0.9990981817245483,0.5718667507171631,0.7003399729728699,0.09577155858278275,0.9027257561683655,0.48778852820396423,0.737726628780365,-0.04531685635447502,0.9929423928260803,0.5628109574317932,0.8300573825836182,0.1634875237941742,0.9628886580467224,0.4412423074245453,0.8694186210632324,0.022998422384262085,0.9936570525169373,0.5528403520584106,0.8503916263580322,0.1663198471069336,0.928898274898529,0.4308616518974304,0.8796990513801575,0.02898307330906391,0.9407120943069458,0.5953964591026306,0.8573378920555115,0.12426828593015671,0.9695796966552734,0.45728084444999695,0.9145909547805786,-0.020995432510972023,0.9884146451950073,5
170,0.5563735365867615,0.3345528244972229,-0.07384119182825089,0.9988461136817932,0.5583658814430237,0.3162402808666229,-0.06082829460501671,0.9977878332138062,0.558486819267273,0.3147612512111664,-0.06086059287190437,0.9977019429206848,0.5585654973983765,0.3131198585033417,-0.06085310876369476,0.9975002408027649,0.5560151934623718,0.3149544298648834,-0.08855202794075012,0.9977063536643982,0.5543782114982605,0.3125656545162201,-0.08858451247215271,0.9981053471565247,0.5525407195091248,0.3098333775997162,-0.08862326294183731,0.9979369640350342,0.5481874942779541,0.3039346933364868,0.0109808798879385,0.9931403994560242,0.5411885976791382,0.30168741941452026,-0.11425360292196274,0.9981536865234375,0.551790177822113,0.34225067496299744,-0.04445382207632065,0.9957265257835388,0.548913836479187,0.34063541889190674,-0.08105175197124481,0.9969232082366943,0.5304437279701233,0.361701637506485,0.08322084695100784,0.9981306195259094,0.49842432141304016,0.35553082823753357,-0.1473197340965271,0.9998637437820435,0.5240771770477295,0.4627826511859894,0.1111895889043808,0.06059234216809273,0.5185112357139587,0.46093040704727173,-0.18446408212184906,0.9793722629547119,0.5405660271644592,0.5295799374580383,0.030206721276044846,0.10239560902118683,0.5458480715751648,0.3857318162918091,-0.15512196719646454,0.9483934640884399,0.5449800491333008,0.5513616800308228,0.019402766600251198,0.10806548595428467,0.5509064197540283,0.3641977608203888,-0.17429710924625397,0.9204861521720886,0.5454114079475403,0.5474786758422852,0.005995295941829681,0.11589287221431732,0.54560786485672,0.3620484471321106,-0.1727694869041443,0.9197272658348083,0.541516900062561,0.5372581481933594,0.020022740587592125,0.12612126767635345,0.5432732701301575,0.36659568548202515,-0.15250228345394135,0.8821057677268982,0.5331618785858154,0.5764690637588501,0.07313653826713562,0.9988080263137817,0.5025011897087097,0.579438328742981,-0.07309126108884811,0.9989737868309021,0.570517897605896,0.7092494964599609,0.08856155723333359,0.9074863791465759,0.4867975413799286,0.7366843223571777,-0.04545813426375389,0.9931315779685974,0.5645855665206909,0.8310626149177551,0.21128897368907928,0.9637625217437744,0.4419591724872589,0.8673880696296692,0.05959121137857437,0.993634819984436,0.5540550351142883,0.8503789901733398,0.22037211060523987,0.9290841817855835,0.4325178265571594,0.8788718581199646,0.06830227375030518,0.936056911945343,0.5947567820549011,0.8606372475624084,0.16220960021018982,0.969191312789917,0.4572453200817108,0.9145614504814148,-0.009592201560735703,0.98807692527771,5
171,0.5536785125732422,0.3081762492656708,-0.10381992161273956,0.9988568425178528,0.5570977330207825,0.2945822477340698,-0.08546818047761917,0.997828483581543,0.5577410459518433,0.2949804663658142,-0.08548076450824738,0.9977051019668579,0.5583314299583435,0.2952933609485626,-0.08547476679086685,0.997464656829834,0.5535870790481567,0.2897880971431732,-0.10616075247526169,0.997765064239502,0.5517513155937195,0.28652459383010864,-0.10620997101068497,0.9981582164764404,0.5499667525291443,0.2829289138317108,-0.10625071823596954,0.9980049729347229,0.551402747631073,0.29334262013435364,0.011822368018329144,0.9932044744491577,0.5387800335884094,0.2760244607925415,-0.08636847138404846,0.9982221126556396,0.5495192408561707,0.3187897801399231,-0.06497956812381744,0.9957976937294006,0.5458769202232361,0.31403639912605286,-0.09285036474466324,0.9970019459724426,0.5447195768356323,0.35301879048347473,0.08520262688398361,0.9981274604797363,0.4962961971759796,0.3413766622543335,-0.0976777896285057,0.9998682141304016,0.53666090965271,0.45988228917121887,0.11778987944126129,0.06297019869089127,0.506407618522644,0.44458866119384766,-0.19036294519901276,0.9796532988548279,0.5375572443008423,0.546187698841095,0.03809355944395065,0.09962623566389084,0.5338588953018188,0.3666555881500244,-0.26765885949134827,0.952176034450531,0.5408968329429626,0.574496865272522,0.02968982607126236,0.10431723296642303,0.5399473309516907,0.34420114755630493,-0.2972327172756195,0.9259213209152222,0.5410528182983398,0.5618282556533813,0.02445289120078087,0.11138716340065002,0.5352166295051575,0.32653704285621643,-0.2901102602481842,0.9251015186309814,0.5375760197639465,0.562756359577179,0.026112888008356094,0.12185858935117722,0.533031165599823,0.33390840888023376,-0.2654953896999359,0.8891598582267761,0.5402478575706482,0.5622304677963257,0.05580572038888931,0.9988957047462463,0.5034568905830383,0.5612223148345947,-0.05582039803266525,0.9990578293800354,0.565548837184906,0.7079337239265442,0.050094328820705414,0.9138321280479431,0.4846743941307068,0.7128927707672119,-0.053687192499637604,0.9926329255104065,0.5643879175186157,0.8319971561431885,0.20590181648731232,0.9648672342300415,0.4490220844745636,0.8415772318840027,0.0738927498459816,0.9933195114135742,0.5543692708015442,0.8503475189208984,0.2164628654718399,0.9305291175842285,0.4441884160041809,0.8597155213356018,0.0835944190621376,0.9292095303535461,0.5937547087669373,0.86175936460495,0.15574927628040314,0.9687776565551758,0.4519478976726532,0.9028480052947998,-0.01012992300093174,0.9872844815254211,5
172,0.5521653890609741,0.28162702918052673,-0.13291488587856293,0.9986351132392883,0.5556730628013611,0.26983627676963806,-0.1192648857831955,0.9975058436393738,0.5565868616104126,0.27023136615753174,-0.11929316818714142,0.9971540570259094,0.5575014352798462,0.27069512009620667,-0.11928710341453552,0.9968312382698059,0.5520939230918884,0.2661944627761841,-0.13554997742176056,0.9975500702857971,0.5503652691841125,0.2638603746891022,-0.1355999857187271,0.9979367256164551,0.5486890077590942,0.2614399492740631,-0.13567613065242767,0.9978832006454468,0.5531972646713257,0.27175799012184143,-0.02682078443467617,0.9915671348571777,0.5378933548927307,0.25725257396698,-0.08946169912815094,0.997955858707428,0.5492588877677917,0.2916603684425354,-0.0954979807138443,0.9950950145721436,0.5446354746818542,0.2871776819229126,-0.11762391775846481,0.9967057704925537,0.5467979311943054,0.3298477828502655,0.05691615864634514,0.9977433085441589,0.49773791432380676,0.31696662306785583,-0.1019066795706749,0.999849259853363,0.5395882725715637,0.4369996190071106,0.10146498680114746,0.0627783015370369,0.49254754185676575,0.41828587651252747,-0.20065279304981232,0.9789662957191467,0.5422346591949463,0.5127793550491333,0.052162010222673416,0.09804769605398178,0.5215455889701843,0.3374648690223694,-0.3099551200866699,0.9550703167915344,0.5453205108642578,0.530002772808075,0.04541989415884018,0.1029069647192955,0.5249377489089966,0.31329891085624695,-0.342729777097702,0.9301188588142395,0.5467061996459961,0.5243895649909973,0.03188442066311836,0.10942333936691284,0.5270772576332092,0.3001754879951477,-0.33203601837158203,0.9291250705718994,0.5436317324638367,0.5203601121902466,0.04226360470056534,0.11945139616727829,0.5254500508308411,0.30552026629447937,-0.3070586323738098,0.8941065669059753,0.5358437895774841,0.5420026779174805,0.04569000005722046,0.9988335967063904,0.5073158144950867,0.5404226183891296,-0.04571663960814476,0.9990635514259338,0.5652430653572083,0.6951767802238464,0.053574565798044205,0.9142409563064575,0.4836217164993286,0.6849743127822876,-0.05945183336734772,0.9916777014732361,0.564872145652771,0.8278049230575562,0.20129241049289703,0.9637539386749268,0.45466768741607666,0.8386474847793579,0.0513002909719944,0.9926631450653076,0.5558013319969177,0.8477129936218262,0.2086782306432724,0.9279606938362122,0.45414069294929504,0.8560196161270142,0.05796489864587784,0.9235376715660095,0.5929982662200928,0.861667811870575,0.13537590205669403,0.9664380550384521,0.45214712619781494,0.8989811539649963,-0.03962226212024689,0.9858785271644592,5
173,0.5516453981399536,0.2720833718776703,-0.1539164036512375,0.9986839890480042,0.5545845031738281,0.2607673704624176,-0.13619105517864227,0.9976322650909424,0.555718719959259,0.26118332147598267,-0.13623033463954926,0.9972594976425171,0.5569984316825867,0.26152557134628296,-0.13623571395874023,0.996921718120575,0.5517206788063049,0.25678181648254395,-0.14853018522262573,0.9976791739463806,0.5491933226585388,0.25458332896232605,-0.14856916666030884,0.9980370402336121,0.5467388033866882,0.25239527225494385,-0.14862540364265442,0.9980112314224243,0.5563256144523621,0.2638019919395447,-0.023800013586878777,0.9919129014015198,0.537285566329956,0.24960806965827942,-0.08299577981233597,0.9980741739273071,0.5487805008888245,0.2832576334476471,-0.10929284989833832,0.9952866435050964,0.5437530279159546,0.2792319059371948,-0.1264561116695404,0.9969218969345093,0.5582050085067749,0.3251861333847046,0.06768190115690231,0.9976881742477417,0.49813586473464966,0.303744375705719,-0.06704869121313095,0.9998499155044556,0.5461639165878296,0.4304741621017456,0.11016902327537537,0.06562785804271698,0.4767051339149475,0.4026327133178711,-0.1770607829093933,0.9802327752113342,0.5485060811042786,0.5034960508346558,0.04601068049669266,0.10374465584754944,0.5078761577606201,0.3304717540740967,-0.3078775107860565,0.9588820338249207,0.551509439945221,0.5155579447746277,0.03582197055220604,0.10883284360170364,0.5157536864280701,0.3124140501022339,-0.3457585871219635,0.9355305433273315,0.5537893772125244,0.5112696886062622,0.013060908764600754,0.11482071131467819,0.5176652669906616,0.29532086849212646,-0.33366116881370544,0.9345372915267944,0.550303041934967,0.5070763230323792,0.0347081683576107,0.12463709712028503,0.5159134268760681,0.3015681207180023,-0.30474865436553955,0.9017690420150757,0.5379488468170166,0.5336341261863708,0.04415910691022873,0.9988434910774231,0.5045217871665955,0.5327510833740234,-0.04413962736725807,0.9991114139556885,0.5610331892967224,0.6836634874343872,0.03347722068428993,0.9185376167297363,0.48287534713745117,0.6806467771530151,-0.07937783747911453,0.9915916919708252,0.5675041675567627,0.8161199688911438,0.22607891261577606,0.9631099700927734,0.45833149552345276,0.8429022431373596,0.044126980006694794,0.9925629496574402,0.5571373105049133,0.8237804174423218,0.24131189286708832,0.9258732795715332,0.4608418643474579,0.8594311475753784,0.05006033554673195,0.9182000756263733,0.5912370681762695,0.8615450263023376,0.16278018057346344,0.9644091129302979,0.4522510766983032,0.8991744518280029,-0.0641213059425354,0.985278308391571,5
174,0.5508005619049072,0.2716970145702362,-0.17358216643333435,0.9988078474998474,0.5539401173591614,0.26088500022888184,-0.16186019778251648,0.9978542923927307,0.555361807346344,0.26129573583602905,-0.16190218925476074,0.9975124001502991,0.5569561719894409,0.2617452144622803,-0.16194729506969452,0.9972053170204163,0.5498393177986145,0.2571522891521454,-0.16772112250328064,0.997896134853363,0.546439528465271,0.2548682391643524,-0.16773000359535217,0.9982147812843323,0.5433139801025391,0.25255048274993896,-0.16775940358638763,0.998195469379425,0.5574284791946411,0.26386457681655884,-0.05429716780781746,0.9926900863647461,0.5368577241897583,0.24944043159484863,-0.08485861122608185,0.9982491731643677,0.5480861663818359,0.2836655080318451,-0.12931078672409058,0.995745062828064,0.5436010956764221,0.27959588170051575,-0.13810157775878906,0.9972225427627563,0.5647006630897522,0.3215041160583496,0.03369928523898125,0.9979099631309509,0.4987235963344574,0.2962196171283722,-0.025149989873170853,0.9998620748519897,0.5822014212608337,0.4119100570678711,-0.013545259833335876,0.14551734924316406,0.47141700983047485,0.3970620036125183,-0.1402386724948883,0.9807925820350647,0.6003239154815674,0.4266681373119354,-0.20774570107460022,0.1847129911184311,0.5014334321022034,0.3319243788719177,-0.3334599733352661,0.9620506763458252,0.6057228446006775,0.42579713463783264,-0.2414860874414444,0.18415728211402893,0.5103408098220825,0.3147750496864319,-0.3723662793636322,0.9397321343421936,0.6044031977653503,0.41741201281547546,-0.2516576051712036,0.18977075815200806,0.5123258829116821,0.30130231380462646,-0.3674359619617462,0.9387247562408447,0.6007192730903625,0.41733014583587646,-0.2164321094751358,0.19573409855365753,0.5105125308036804,0.30797749757766724,-0.3344222605228424,0.9078062772750854,0.5379455089569092,0.5281080007553101,0.014846805483102798,0.9989011287689209,0.5044235587120056,0.5239625573158264,-0.014788736589252949,0.9991725087165833,0.5560318827629089,0.6765989661216736,-0.003383420407772064,0.923978328704834,0.48271310329437256,0.6814684271812439,-0.07033416628837585,0.9911810159683228,0.5695000290870667,0.8084719181060791,0.19008435308933258,0.9607712626457214,0.4623361825942993,0.8451568484306335,0.04202226549386978,0.9918076992034912,0.5645095109939575,0.8196871876716614,0.209941565990448,0.9102832674980164,0.4678662121295929,0.8613786697387695,0.048214390873909,0.9098946452140808,0.5910874009132385,0.8614344596862793,0.1195397898554802,0.9607130289077759,0.45195046067237854,0.9005663990974426,-0.07242026180028915,0.9835904240608215,5
175,0.5502086281776428,0.27185800671577454,-0.022237204015254974,0.9989139437675476,0.5516806840896606,0.2585579752922058,-0.031692348420619965,0.9980469942092896,0.5519382357597351,0.2578127682209015,-0.03170747309923172,0.9977317452430725,0.5523110628128052,0.25704678893089294,-0.03173470497131348,0.9974618554115295,0.5496905446052551,0.2570318579673767,-0.037653569132089615,0.9980900883674622,0.5483880639076233,0.25527599453926086,-0.03765065595507622,0.9983698725700378,0.5481464862823486,0.25361454486846924,-0.03767029568552971,0.9983583688735962,0.5552313923835754,0.25718432664871216,-0.026194730773568153,0.9933770298957825,0.5464050769805908,0.2532024085521698,-0.055052321404218674,0.9983981251716614,0.5476096272468567,0.28236156702041626,-0.013869285583496094,0.9961435794830322,0.544659435749054,0.2804395258426666,-0.022481856867671013,0.9974802136421204,0.5236538648605347,0.30019742250442505,0.014166041277348995,0.9981021285057068,0.5286346673965454,0.3011448383331299,-0.05373826250433922,0.9998682737350464,0.5568610429763794,0.3701654076576233,-0.04548032209277153,0.20553262531757355,0.5406290292739868,0.4050663709640503,-0.13240228593349457,0.9814503192901611,0.5698252320289612,0.3675509989261627,-0.1551589071750641,0.22669638693332672,0.5799852013587952,0.396167516708374,-0.23017974197864532,0.9618335366249084,0.5745068788528442,0.3656603991985321,-0.1736413836479187,0.2228759080171585,0.5920207500457764,0.39710918068885803,-0.25588008761405945,0.9393166899681091,0.5744395852088928,0.360288143157959,-0.1775386929512024,0.22605758905410767,0.5938907861709595,0.3848809599876404,-0.24983689188957214,0.9379730820655823,0.571240246295929,0.3632771968841553,-0.15933836996555328,0.22995424270629883,0.5897392630577087,0.38636788725852966,-0.22868935763835907,0.9067014455795288,0.5136134028434753,0.5232928991317749,0.015661684796214104,0.998937726020813,0.5240437984466553,0.5246847867965698,-0.015642346814274788,0.9991347193717957,0.4857438802719116,0.6795161366462708,0.03489968925714493,0.9193600416183472,0.4983363449573517,0.6751336455345154,-0.005873529240489006,0.9850672483444214,0.4716874659061432,0.8232558965682983,0.02975267730653286,0.9591983556747437,0.46803733706474304,0.8418828248977661,-0.005320771597325802,0.9872592091560364,0.47523847222328186,0.8455734848976135,0.025790559127926826,0.9148085713386536,0.4726085066795349,0.8606033325195312,-0.007391330320388079,0.9080363512039185,0.5087789297103882,0.8678825497627258,-0.021888693794608116,0.9569803476333618,0.49588096141815186,0.8832144141197205,-0.06285042315721512,0.9767709374427795,5
176,0.5501202344894409,0.26988208293914795,0.04290904849767685,0.9989176392555237,0.5516334772109985,0.2568385601043701,0.02935006283223629,0.9981161952018738,0.5511049628257751,0.255384236574173,0.02931145951151848,0.9978153109550476,0.5502504706382751,0.2537815272808075,0.029242118820548058,0.9976142644882202,0.5522300004959106,0.2571045160293579,0.018241096287965775,0.9981464743614197,0.5529447793960571,0.25596216320991516,0.018266916275024414,0.998335063457489,0.5542270541191101,0.2548387348651886,0.018215501680970192,0.9983482360839844,0.553778886795044,0.25257161259651184,0.0011418863432481885,0.993857741355896,0.5530378818511963,0.2548208236694336,-0.04434990510344505,0.9983041882514954,0.5471922755241394,0.27806413173675537,0.041481953114271164,0.9964044690132141,0.5474520921707153,0.27787482738494873,0.02662019245326519,0.9975788593292236,0.5060043931007385,0.29677027463912964,0.030362142249941826,0.9982686638832092,0.5515086650848389,0.3058190941810608,-0.0728255957365036,0.999837338924408,0.5481893420219421,0.3753454089164734,-0.01902894303202629,0.22212830185890198,0.5870415568351746,0.39722537994384766,-0.13702398538589478,0.9765044450759888,0.5690900087356567,0.3652934730052948,-0.1299203783273697,0.27023085951805115,0.6100972294807434,0.40954041481018066,-0.21561327576637268,0.95530766248703,0.5788314938545227,0.3574412167072296,-0.14957591891288757,0.2674928605556488,0.6235217452049255,0.40637847781181335,-0.24185845255851746,0.9325942397117615,0.5831776261329651,0.35259199142456055,-0.15843501687049866,0.2698206901550293,0.6228625178337097,0.39377278089523315,-0.2349289506673813,0.9305665493011475,0.5795804858207703,0.35760727524757385,-0.13709433376789093,0.2687157094478607,0.6174432635307312,0.3960444927215576,-0.21448522806167603,0.8961451649665833,0.507045567035675,0.5230761766433716,0.02911827713251114,0.9988720417022705,0.5334117412567139,0.5261878967285156,-0.029069777578115463,0.998783528804779,0.47769635915756226,0.6811885237693787,0.02117382176220417,0.913058876991272,0.5476019978523254,0.681358277797699,-0.00741253886371851,0.9684142470359802,0.4597114324569702,0.8368605375289917,0.01936284638941288,0.9545587301254272,0.5629444122314453,0.8131441473960876,0.007699168752878904,0.970819890499115,0.45769330859184265,0.8659546971321106,0.016378074884414673,0.915083110332489,0.5437306761741638,0.8486092686653137,0.010493840090930462,0.892236590385437,0.45749780535697937,0.8785271048545837,-0.03676076978445053,0.9443961381912231,0.5742437839508057,0.8476747870445251,-0.025231679901480675,0.9522325396537781,5
177,0.5535560250282288,0.2761164605617523,-0.1332281529903412,0.9990005493164062,0.5562267303466797,0.2624261975288391,-0.12494306266307831,0.9982321262359619,0.5573018193244934,0.26073479652404785,-0.12499777227640152,0.9979413747787476,0.5583693385124207,0.25854477286338806,-0.12504813075065613,0.9977588653564453,0.5525256395339966,0.26228100061416626,-0.14062972366809845,0.9982790350914001,0.5519606471061707,0.26070502400398254,-0.1406477987766266,0.9984451532363892,0.5541368126869202,0.2589340806007385,-0.14068588614463806,0.9984601736068726,0.5594608783721924,0.25774946808815,-0.03924456611275673,0.994311511516571,0.5498917698860168,0.2555675506591797,-0.10899046063423157,0.9984078407287598,0.5526353120803833,0.28469860553741455,-0.09456993639469147,0.9966979622840881,0.5478977560997009,0.2832988500595093,-0.11536608636379242,0.997776448726654,0.5605319738388062,0.30670660734176636,0.042161837220191956,0.9984295964241028,0.5187479257583618,0.30277565121650696,-0.08200527727603912,0.9998475313186646,0.5802778005599976,0.38878217339515686,0.11451797932386398,0.2827271819114685,0.5010775923728943,0.3978235721588135,-0.19169242680072784,0.9783301949501038,0.6168156862258911,0.39316675066947937,0.03285354748368263,0.3380587697029114,0.5349276065826416,0.3569122850894928,-0.3465711176395416,0.9595954418182373,0.63067626953125,0.38295549154281616,0.019534381106495857,0.33203113079071045,0.5446518659591675,0.3374845087528229,-0.38234779238700867,0.9389090538024902,0.6332767605781555,0.37261608242988586,-0.007478754036128521,0.3350796699523926,0.5423758029937744,0.3238879144191742,-0.38048189878463745,0.9370543956756592,0.6276391744613647,0.3773433268070221,0.019448382779955864,0.3336569368839264,0.5408931970596313,0.32952314615249634,-0.3476049602031708,0.9056363701820374,0.5375965237617493,0.5282064080238342,0.034368760883808136,0.9988325834274292,0.5166217088699341,0.5268079042434692,-0.03434646129608154,0.9988009333610535,0.5445839166641235,0.6847776770591736,0.036793529987335205,0.9159591794013977,0.49169695377349854,0.6841093301773071,-0.06416737288236618,0.9699481129646301,0.5526980757713318,0.8275814056396484,0.197236105799675,0.9511584043502808,0.47852668166160583,0.818558394908905,0.011006792075932026,0.971116840839386,0.5446916818618774,0.8574880957603455,0.20944269001483917,0.9101129174232483,0.4773648977279663,0.8518784642219543,0.012561729177832603,0.8842679262161255,0.5744401216506958,0.8698305487632751,0.13907700777053833,0.9407761693000793,0.46877744793891907,0.8822603225708008,-0.06862452626228333,0.9516453146934509,5
178,0.5556637644767761,0.27866291999816895,-0.15525883436203003,0.9990736842155457,0.5603516697883606,0.26329663395881653,-0.14421015977859497,0.9983358979225159,0.5621088743209839,0.2642185688018799,-0.1442529410123825,0.9980517029762268,0.5637310743331909,0.2647058069705963,-0.14430637657642365,0.9978851079940796,0.5542218685150146,0.26478490233421326,-0.1625395119190216,0.998397171497345,0.5522307753562927,0.26320886611938477,-0.16255934536457062,0.9985446929931641,0.552379310131073,0.2611953318119049,-0.16258129477500916,0.9985552430152893,0.5634297728538513,0.26257699728012085,-0.05135248601436615,0.9947245121002197,0.5486229658126831,0.2558671832084656,-0.1364172399044037,0.9984915256500244,0.5549610257148743,0.2854601740837097,-0.11592186987400055,0.9969403147697449,0.5484066605567932,0.28618869185447693,-0.14069561660289764,0.9979320168495178,0.5640108585357666,0.30915403366088867,0.04214119166135788,0.9985747933387756,0.5055077075958252,0.30463337898254395,-0.11221849918365479,0.9998535513877869,0.5796636343002319,0.39315760135650635,0.15198609232902527,0.3398267328739166,0.49678856134414673,0.4111436903476715,-0.2347150593996048,0.9799890518188477,0.6170628070831299,0.39953479170799255,0.1287655383348465,0.40148302912712097,0.5293985605239868,0.34739044308662415,-0.38537195324897766,0.9634824991226196,0.632771909236908,0.39619380235671997,0.12527506053447723,0.3935980796813965,0.5366540551185608,0.32542169094085693,-0.4210619032382965,0.9446495175361633,0.6351870894432068,0.3850111663341522,0.09726346284151077,0.3969112038612366,0.5335537791252136,0.3107948899269104,-0.41849106550216675,0.9429518580436707,0.6295599341392517,0.38842272758483887,0.11659254133701324,0.39552727341651917,0.5323082804679871,0.3164631128311157,-0.38630467653274536,0.9142899513244629,0.5460278391838074,0.5302638411521912,0.036847878247499466,0.9988765716552734,0.5121352076530457,0.5300397276878357,-0.03685116395354271,0.9988633990287781,0.5579480528831482,0.6931949853897095,0.07066745311021805,0.9168485999107361,0.4782298505306244,0.6852118968963623,-0.05939674749970436,0.9700103998184204,0.5647860765457153,0.8262594938278198,0.2639424204826355,0.9433875679969788,0.4591220021247864,0.8260400295257568,0.05201666057109833,0.9693475365638733,0.5564815402030945,0.8542172312736511,0.27944231033325195,0.9032384157180786,0.4592677354812622,0.8472030758857727,0.060152746737003326,0.8719629049301147,0.5907601714134216,0.8692336082458496,0.21610461175441742,0.9319064021110535,0.45150381326675415,0.8862489461898804,-0.04247361421585083,0.9472928047180176,5
179,0.5588392019271851,0.2806665003299713,-0.20046478509902954,0.9991464018821716,0.5635227560997009,0.26756802201271057,-0.18726658821105957,0.9984550476074219,0.5648481845855713,0.269822359085083,-0.18726593255996704,0.9981802701950073,0.5660845041275024,0.27149903774261475,-0.1872989982366562,0.9980175495147705,0.557887077331543,0.2652367353439331,-0.20763802528381348,0.9985269904136658,0.5553070902824402,0.2635616064071655,-0.20766012370586395,0.9986607432365417,0.5533744692802429,0.26211851835250854,-0.20766733586788177,0.9986675977706909,0.5633921027183533,0.2691170573234558,-0.08570649474859238,0.9951298236846924,0.5463687181472778,0.25695109367370605,-0.18044514954090118,0.9985982179641724,0.5566835999488831,0.28955069184303284,-0.15841111540794373,0.9971278309822083,0.5505813360214233,0.28669285774230957,-0.18581700325012207,0.9980586767196655,0.5612688660621643,0.31504958868026733,0.01916210912168026,0.9986788034439087,0.5022565126419067,0.3059309124946594,-0.1576620489358902,0.9998546242713928,0.5674976706504822,0.40718409419059753,0.16055841743946075,0.3612557351589203,0.501060426235199,0.425954133272171,-0.2793967127799988,0.9809592962265015,0.6024458408355713,0.41627416014671326,0.17687049508094788,0.4524889290332794,0.5311897993087769,0.3450857400894165,-0.42030924558639526,0.9668670892715454,0.6165064573287964,0.4152950942516327,0.18441036343574524,0.44165074825286865,0.5374901294708252,0.3232352137565613,-0.45354029536247253,0.9496379494667053,0.619597315788269,0.40649139881134033,0.1572764366865158,0.44602397084236145,0.5339801907539368,0.3071396052837372,-0.4515470266342163,0.9481014013290405,0.6140814423561096,0.40716221928596497,0.16617320477962494,0.44491177797317505,0.53253573179245,0.31256985664367676,-0.42134878039360046,0.9218133091926575,0.5472623109817505,0.5324568748474121,0.03810594603419304,0.9988905191421509,0.511798620223999,0.5304127335548401,-0.038032468408346176,0.9989086985588074,0.5604849457740784,0.693880558013916,0.09996522963047028,0.9205436110496521,0.47759488224983215,0.6855196952819824,-0.02942931093275547,0.9705588221549988,0.566022515296936,0.8242167234420776,0.2698175013065338,0.942330002784729,0.45479825139045715,0.8269819617271423,0.09551874548196793,0.9689304232597351,0.556537926197052,0.8502529859542847,0.28303614258766174,0.9025912284851074,0.4534856677055359,0.8456491827964783,0.10483745485544205,0.868377149105072,0.5924986004829407,0.8683062195777893,0.22072702646255493,0.9314866065979004,0.45103368163108826,0.8876065015792847,0.01303127408027649,0.9464662075042725,5
180,0.5603266358375549,0.2871137261390686,-0.17576174437999725,0.9992180466651917,0.565072238445282,0.2748343050479889,-0.15934453904628754,0.9985881447792053,0.5661190152168274,0.27696412801742554,-0.15935654938220978,0.9983313083648682,0.5670903921127319,0.27866411209106445,-0.15936493873596191,0.998180091381073,0.5602758526802063,0.27092230319976807,-0.18141964077949524,0.9986579418182373,0.5578566789627075,0.26885950565338135,-0.18144530057907104,0.9987780451774597,0.5554453730583191,0.2664892077445984,-0.1814480870962143,0.9987840056419373,0.5631555318832397,0.2757287621498108,-0.05696064233779907,0.9955337047576904,0.5463204979896545,0.25748875737190247,-0.15647433698177338,0.9987156391143799,0.557786226272583,0.2972315549850464,-0.13372176885604858,0.9973404407501221,0.5524399876594543,0.2925414741039276,-0.16324977576732635,0.9982120990753174,0.5570012331008911,0.3247081935405731,0.0325162336230278,0.9987285137176514,0.5026856064796448,0.31211021542549133,-0.1450047343969345,0.9998509287834167,0.5646845102310181,0.41892603039741516,0.15266545116901398,0.354885458946228,0.5025635361671448,0.43381860852241516,-0.24890099465847015,0.9815101027488708,0.5926738381385803,0.420809268951416,0.0817142054438591,0.481296181678772,0.5329590439796448,0.3370910584926605,-0.353180855512619,0.969736635684967,0.6040852069854736,0.42264851927757263,0.06567123532295227,0.46758267283439636,0.5396834015846252,0.3186171054840088,-0.3836292028427124,0.9538562893867493,0.6066681742668152,0.4098750650882721,0.041352689266204834,0.4734300374984741,0.5373284220695496,0.30328524112701416,-0.38245096802711487,0.9524468779563904,0.6017162203788757,0.4078773856163025,0.06722628325223923,0.4723535478115082,0.5353245139122009,0.30894121527671814,-0.3534465432167053,0.9280794858932495,0.5459586977958679,0.5430445075035095,0.04589331895112991,0.9988768100738525,0.5109962224960327,0.5405265688896179,-0.04589725285768509,0.9989455938339233,0.5619530081748962,0.6951341032981873,0.11231549084186554,0.9246322512626648,0.47932448983192444,0.6867114901542664,-0.032459985464811325,0.9724158644676208,0.5662182569503784,0.8249678611755371,0.27007725834846497,0.9446566700935364,0.45232465863227844,0.8276256918907166,0.07699931412935257,0.970544695854187,0.5567415952682495,0.8505649566650391,0.2819187045097351,0.9061941504478455,0.4493679702281952,0.847118616104126,0.08456031233072281,0.8691344261169434,0.5947713255882263,0.8680896759033203,0.2215050309896469,0.9343395829200745,0.45156729221343994,0.8884022235870361,-0.006533174775540829,0.9487181305885315,5
181,0.5633705854415894,0.2891668379306793,-0.14482201635837555,0.999271035194397,0.5669001936912537,0.27701279520988464,-0.13357847929000854,0.9986873865127563,0.5675307512283325,0.2790104150772095,-0.13359975814819336,0.9984416365623474,0.5681091547012329,0.2806420922279358,-0.13361601531505585,0.9983060359954834,0.5633428692817688,0.2730000615119934,-0.1538877636194229,0.9987569451332092,0.5613607168197632,0.2711797058582306,-0.15391036868095398,0.9988622665405273,0.5591696500778198,0.26900020241737366,-0.1539238840341568,0.9988659620285034,0.562363862991333,0.2775209844112396,-0.044000621885061264,0.995864748954773,0.548073947429657,0.2597690522670746,-0.1490597128868103,0.9987829327583313,0.5598242878913879,0.3001926839351654,-0.10908713936805725,0.9975122809410095,0.5559211373329163,0.29585304856300354,-0.1379954069852829,0.9983181953430176,0.5542734861373901,0.3398069739341736,0.03748096153140068,0.9987784624099731,0.5029096007347107,0.3190586268901825,-0.15254923701286316,0.9998373985290527,0.5645399689674377,0.44068464636802673,0.1280549168586731,0.3476193845272064,0.5098284482955933,0.43520987033843994,-0.25335273146629333,0.9807578325271606,0.5897866487503052,0.4249073565006256,0.08593543618917465,0.5070006251335144,0.5380259156227112,0.33332765102386475,-0.3379437029361725,0.9718853831291199,0.6035011410713196,0.4250866770744324,0.0783839225769043,0.49058911204338074,0.5416597127914429,0.31572937965393066,-0.367749959230423,0.9570689797401428,0.604565441608429,0.41603440046310425,0.06106740981340408,0.4975144863128662,0.5380188822746277,0.3020405173301697,-0.3659621775150299,0.9557317495346069,0.6001046895980835,0.41494861245155334,0.07654521614313126,0.49619060754776,0.5355532169342041,0.3068426847457886,-0.33820676803588867,0.9325478076934814,0.5459126234054565,0.5577730536460876,0.05267054960131645,0.9988528490066528,0.5104859471321106,0.5533016920089722,-0.05270548537373543,0.9989483952522278,0.5620934963226318,0.6969254612922668,0.11907967925071716,0.9277140498161316,0.4797961115837097,0.6963659524917603,-0.025023669004440308,0.9734862446784973,0.5668733716011047,0.8249563574790955,0.28130462765693665,0.9455177783966064,0.44959157705307007,0.8366866111755371,0.09824450314044952,0.9716987609863281,0.5585338473320007,0.850030779838562,0.29456111788749695,0.9078380465507507,0.44678157567977905,0.8529609441757202,0.10777696222066879,0.8682587146759033,0.594489336013794,0.8678686618804932,0.24119333922863007,0.9357987642288208,0.45107486844062805,0.8925507664680481,0.02198808453977108,0.950232982635498,5
182,0.565100371837616,0.2919594347476959,-0.04873259738087654,0.9992607235908508,0.5668627023696899,0.277823269367218,-0.040919557213783264,0.9986850619316101,0.566681444644928,0.2791050970554352,-0.04094386100769043,0.9984415173530579,0.5666090250015259,0.2804529666900635,-0.040959157049655914,0.9983564019203186,0.5663845539093018,0.27644583582878113,-0.0692681297659874,0.99876868724823,0.5658085942268372,0.27582821249961853,-0.06924709677696228,0.9988527297973633,0.565221905708313,0.27501893043518066,-0.06924723088741302,0.9988784193992615,0.5603640079498291,0.27601176500320435,0.00892655085772276,0.9961256384849548,0.5551179051399231,0.2692623734474182,-0.12617291510105133,0.9987103939056396,0.56037437915802,0.301516056060791,-0.026348339393734932,0.9975956082344055,0.5599992871284485,0.30015671253204346,-0.06417444348335266,0.9983266592025757,0.522138237953186,0.3381524085998535,0.08034323900938034,0.9987135529518127,0.516536295413971,0.3306494653224945,-0.14492730796337128,0.9997363686561584,0.5398548245429993,0.43491771817207336,0.2012665718793869,0.3177989423274994,0.5214855670928955,0.42493513226509094,-0.2309722602367401,0.9746787548065186,0.5752220153808594,0.41886594891548157,0.2535426914691925,0.474454790353775,0.5407719016075134,0.33480358123779297,-0.24651095271110535,0.965190589427948,0.581123948097229,0.4194324016571045,0.2692919969558716,0.4644409418106079,0.5484163761138916,0.3116225004196167,-0.2644103765487671,0.9508416652679443,0.5850213766098022,0.41217032074928284,0.25311583280563354,0.47123983502388,0.5421423316001892,0.29683396220207214,-0.2578050494194031,0.9489701390266418,0.5831992626190186,0.41309404373168945,0.24822968244552612,0.4702504277229309,0.5410604476928711,0.3037300109863281,-0.2432689070701599,0.9230429530143738,0.5232618451118469,0.5576508641242981,0.06272536516189575,0.9988910555839539,0.5250009894371033,0.5555886030197144,-0.06265123933553696,0.998903214931488,0.48936524987220764,0.7027938365936279,0.10181181132793427,0.9170528054237366,0.5416594743728638,0.6956788897514343,0.035366520285606384,0.9671599268913269,0.4541745185852051,0.8390929102897644,0.12942878901958466,0.9412441849708557,0.5577496886253357,0.8227871060371399,0.1361808329820633,0.968085765838623,0.44837358593940735,0.8637210726737976,0.1304658204317093,0.9104045629501343,0.5498460531234741,0.8450220823287964,0.14480140805244446,0.8742932677268982,0.49703550338745117,0.8674136996269226,0.08350087702274323,0.9305393099784851,0.5835467576980591,0.8569730520248413,0.10345310717821121,0.9441777467727661,5
183,0.5669516921043396,0.29488405585289,-0.06656517088413239,0.9993222951889038,0.5688883662223816,0.27909427881240845,-0.05823157727718353,0.9987967014312744,0.5686325430870056,0.2796245813369751,-0.05823619291186333,0.998576819896698,0.5683222413063049,0.28046202659606934,-0.05823839455842972,0.9984996914863586,0.5682063698768616,0.27820637822151184,-0.0875510424375534,0.9988681077957153,0.5673977136611938,0.27729302644729614,-0.08756688237190247,0.9989432692527771,0.5663973093032837,0.2760751247406006,-0.08756271749734879,0.9989609718322754,0.5597363114356995,0.2737031877040863,0.002251120749861002,0.9964507818222046,0.5545203685760498,0.2691347897052765,-0.13466709852218628,0.9988144040107727,0.5620877742767334,0.3030550181865692,-0.040310539305210114,0.9977965354919434,0.5611256957054138,0.30201107263565063,-0.07937157899141312,0.9984626770019531,0.5277400612831116,0.3368016183376312,0.0735594853758812,0.9987826347351074,0.5159868597984314,0.3287104070186615,-0.1571960151195526,0.9997517466545105,0.5393463373184204,0.43168580532073975,0.12045367062091827,0.29564768075942993,0.5220263600349426,0.4294458031654358,-0.1358984112739563,0.9736178517341614,0.5714595913887024,0.40238434076309204,0.025726547464728355,0.4558848738670349,0.5462514758110046,0.34177693724632263,-0.020259791985154152,0.9635124802589417,0.5772787928581238,0.39293617010116577,0.01070774719119072,0.4463132917881012,0.5526489019393921,0.31746935844421387,-0.022137286141514778,0.9475494623184204,0.5811557769775391,0.3918766677379608,0.0033295094035565853,0.45445579290390015,0.5480843782424927,0.30569231510162354,-0.02804865688085556,0.9456716179847717,0.5771282315254211,0.39354434609413147,0.01730162464082241,0.4555011987686157,0.5464736819267273,0.30881550908088684,-0.017862388864159584,0.918224036693573,0.5304967164993286,0.5597429871559143,0.06606177240610123,0.9989299774169922,0.5173505544662476,0.5588101148605347,-0.06607178598642349,0.9989344477653503,0.5460577011108398,0.7018641233444214,0.14170382916927338,0.9191930294036865,0.4940469563007355,0.7035949230194092,0.003661087481305003,0.9695407748222351,0.5485178232192993,0.8371719717979431,0.2626977860927582,0.9426791667938232,0.45948877930641174,0.8347644805908203,0.11106781661510468,0.9702070951461792,0.5397318005561829,0.8625373244285583,0.2722748816013336,0.9111160039901733,0.45287778973579407,0.8523714542388916,0.11994390189647675,0.876626193523407,0.5819079279899597,0.8654401302337646,0.22799645364284515,0.9337302446365356,0.46892639994621277,0.8848198056221008,0.052972789853811264,0.9478815197944641,5
184,0.5652093291282654,0.3019517958164215,-0.0760612040758133,0.9993184804916382,0.5679498910903931,0.2858401834964752,-0.06819591671228409,0.9988054037094116,0.5682134628295898,0.2854888141155243,-0.0682041198015213,0.9985801577568054,0.5679054856300354,0.28507155179977417,-0.06821505725383759,0.9985355138778687,0.5661413073539734,0.28497815132141113,-0.09667912125587463,0.9988859295845032,0.5650200247764587,0.283772736787796,-0.09669912606477737,0.9989492297172546,0.5637637376785278,0.28224635124206543,-0.09670944511890411,0.9989705085754395,0.555518388748169,0.274594783782959,-0.006086443085223436,0.9964950680732727,0.5527843236923218,0.2733105421066284,-0.14757947623729706,0.99881511926651,0.5610235929489136,0.3109847903251648,-0.05084971338510513,0.997756838798523,0.5591690540313721,0.30980026721954346,-0.08804253488779068,0.9984374642372131,0.5254924893379211,0.3366565406322479,0.06928915530443192,0.9985295534133911,0.5147213339805603,0.32834574580192566,-0.17622219026088715,0.9997298121452332,0.5389118790626526,0.42998766899108887,0.15647068619728088,0.27232247591018677,0.5259019732475281,0.42932918667793274,-0.16302154958248138,0.9681493639945984,0.5678619742393494,0.38719993829727173,0.15949232876300812,0.4283255636692047,0.5494032502174377,0.35361209511756897,-0.061215709894895554,0.9528571963310242,0.5731366872787476,0.37431538105010986,0.16291937232017517,0.42024892568588257,0.5547608137130737,0.3346293866634369,-0.06564722955226898,0.9342063665390015,0.5734607577323914,0.36817511916160583,0.15354816615581512,0.42870569229125977,0.5498846173286438,0.32270485162734985,-0.06715847551822662,0.9322130084037781,0.5714496970176697,0.3718135356903076,0.15346652269363403,0.43016234040260315,0.5483192801475525,0.32859617471694946,-0.058084115386009216,0.9009672403335571,0.5285634994506836,0.5602328777313232,0.06824950128793716,0.9989005923271179,0.5159955620765686,0.5593973398208618,-0.06818390637636185,0.9988961219787598,0.5498335957527161,0.6982822418212891,0.15206126868724823,0.9113783836364746,0.48558709025382996,0.7029194831848145,0.017692135646939278,0.9700344800949097,0.5603437423706055,0.8274136781692505,0.25985753536224365,0.9400922656059265,0.4449516236782074,0.8348954319953918,0.13326936960220337,0.9710010886192322,0.5516366958618164,0.8547459840774536,0.2679350674152374,0.9080518484115601,0.43865758180618286,0.8534092307090759,0.14326733350753784,0.8776604533195496,0.5909200310707092,0.8620657920837402,0.2256513386964798,0.9339953064918518,0.4506799280643463,0.8852795958518982,0.08467463403940201,0.9494007229804993,5
185,0.5651333332061768,0.30510473251342773,-0.07225220650434494,0.9993818998336792,0.5676054358482361,0.2888208031654358,-0.064748615026474,0.9989182353019714,0.5675244927406311,0.28832536935806274,-0.06473631411790848,0.9987146258354187,0.5669239163398743,0.2876364290714264,-0.06472833454608917,0.9986745119094849,0.5655085444450378,0.2868908643722534,-0.09325668960809708,0.9989901185035706,0.5641707181930542,0.2849617302417755,-0.09326601773500443,0.9990469217300415,0.5627803206443787,0.28280648589134216,-0.09324676543474197,0.9990648031234741,0.5535186529159546,0.2751549780368805,-0.004966764245182276,0.9968228340148926,0.5506880879402161,0.2729298770427704,-0.14114244282245636,0.9989266395568848,0.5601694583892822,0.31361955404281616,-0.04688108712434769,0.9979679584503174,0.5586591958999634,0.31102368235588074,-0.08500876277685165,0.9985840320587158,0.5292120575904846,0.3402618169784546,0.06649184226989746,0.9986159205436707,0.5078287720680237,0.3289273977279663,-0.16082577407360077,0.9997518658638,0.540779173374176,0.4371640384197235,0.05890369042754173,0.2565351724624634,0.5247844457626343,0.4330351948738098,-0.1302712857723236,0.9653342962265015,0.5666709542274475,0.38078394532203674,-0.065261110663414,0.412651389837265,0.5489609837532043,0.35688838362693787,-0.013276050798594952,0.9478259682655334,0.5711520910263062,0.3655485510826111,-0.08543954789638519,0.4048243463039398,0.5545547008514404,0.337512731552124,-0.014715587720274925,0.9267033338546753,0.5703742504119873,0.3624439537525177,-0.08601865917444229,0.41364604234695435,0.5497848391532898,0.3266885578632355,-0.020174162462353706,0.924310564994812,0.5693743228912354,0.3643123507499695,-0.07182755321264267,0.416628360748291,0.5480820536613464,0.3312847912311554,-0.010723298415541649,0.8902745246887207,0.528983473777771,0.5631892681121826,0.06630753725767136,0.9989777207374573,0.5105619430541992,0.5638181567192078,-0.06633923947811127,0.9989722967147827,0.5504385828971863,0.7017895579338074,0.17435789108276367,0.9094627499580383,0.47421517968177795,0.714989960193634,0.0215753223747015,0.9721500277519226,0.5629787445068359,0.8271409869194031,0.2924593389034271,0.9396179914474487,0.4356808662414551,0.8495080471038818,0.12650234997272491,0.972668468952179,0.5543643236160278,0.854404091835022,0.30245453119277954,0.9078395962715149,0.42760932445526123,0.866526186466217,0.1359529048204422,0.881229043006897,0.5940697193145752,0.8616741895675659,0.26419609785079956,0.9354285597801208,0.44950008392333984,0.9010083079338074,0.07476978749036789,0.952095627784729,5
186,0.5598360300064087,0.3094937205314636,-0.06323591619729996,0.9994304776191711,0.5610054731369019,0.29211723804473877,-0.05432116612792015,0.9990075826644897,0.5607385039329529,0.29137399792671204,-0.05430934578180313,0.9988189935684204,0.5602112412452698,0.29042601585388184,-0.05430564656853676,0.9987860918045044,0.5598388314247131,0.2903415262699127,-0.08266055583953857,0.9990733861923218,0.5587425231933594,0.28844186663627625,-0.08266229927539825,0.9991239309310913,0.5574321746826172,0.2859656810760498,-0.08265218883752823,0.9991395473480225,0.5485920310020447,0.2788429260253906,0.009825819171965122,0.9970709085464478,0.5448131561279297,0.2759224772453308,-0.12430141121149063,0.9990143775939941,0.5552715063095093,0.3168172538280487,-0.03631605952978134,0.9981266856193542,0.5535865426063538,0.3143745958805084,-0.07450179010629654,0.9986956119537354,0.5271018147468567,0.3444993793964386,0.08361949771642685,0.998613715171814,0.5048357844352722,0.33069121837615967,-0.154498890042305,0.9997656345367432,0.5419450402259827,0.43550050258636475,0.08799704909324646,0.24204203486442566,0.5239852070808411,0.427016943693161,-0.13752636313438416,0.9582242369651794,0.5649346113204956,0.3772032856941223,0.00268913502804935,0.3966693878173828,0.5477135181427002,0.3608718514442444,-0.022374214604496956,0.9318467378616333,0.5688324570655823,0.36487698554992676,-0.011403779499232769,0.3910585939884186,0.5527005791664124,0.3446657061576843,-0.024817567318677902,0.9085627198219299,0.5675446391105652,0.3587729334831238,-0.015859652310609818,0.40023916959762573,0.5476832985877991,0.3397819995880127,-0.03168223053216934,0.9060378074645996,0.5640885233879089,0.36277082562446594,-0.004096020944416523,0.4041537344455719,0.5461902618408203,0.3428882956504822,-0.020586732774972916,0.8688212633132935,0.5237761735916138,0.5640720129013062,0.06994177401065826,0.9989969730377197,0.5107118487358093,0.5652775168418884,-0.06999346613883972,0.9990061521530151,0.5495069622993469,0.7018844485282898,0.16326379776000977,0.8982416987419128,0.47237497568130493,0.7164605855941772,0.009183966554701328,0.9732020497322083,0.5629215836524963,0.8261008262634277,0.26675716042518616,0.9359263181686401,0.4324326515197754,0.8589816689491272,0.07189621031284332,0.9738695621490479,0.5550231337547302,0.8539977073669434,0.2751840054988861,0.9049670696258545,0.42441457509994507,0.8768296837806702,0.07804515957832336,0.8829813003540039,0.594453752040863,0.8605034351348877,0.23620785772800446,0.9340764880180359,0.44897982478141785,0.906309962272644,0.017168186604976654,0.9536969065666199,5
187,0.5557263493537903,0.31043893098831177,-0.0536859855055809,0.9994815587997437,0.5566765666007996,0.29269298911094666,-0.044554419815540314,0.9990987181663513,0.5564550757408142,0.29181817173957825,-0.04454436153173447,0.998927652835846,0.5560597777366638,0.29072344303131104,-0.04453299194574356,0.9988985657691956,0.5556690096855164,0.291126549243927,-0.07307039201259613,0.9991575479507446,0.5546815395355225,0.28927865624427795,-0.07307310402393341,0.9992032647132874,0.5534798502922058,0.28708112239837646,-0.07305439561605453,0.9992160201072693,0.5449684858322144,0.28003567457199097,0.016965586692094803,0.9973317980766296,0.5409645438194275,0.27767425775527954,-0.11586200445890427,0.9991037845611572,0.5517414808273315,0.31836122274398804,-0.028032071888446808,0.9982941746711731,0.5496934056282043,0.3158494234085083,-0.06643473356962204,0.9988110065460205,0.5244612097740173,0.34551844000816345,0.08568304032087326,0.998684823513031,0.4986850321292877,0.3328382670879364,-0.1534244865179062,0.9997820854187012,0.5435886383056641,0.43396997451782227,0.07097239792346954,0.23698583245277405,0.523456335067749,0.4312088191509247,-0.12702864408493042,0.9550297260284424,0.5616528391838074,0.37152835726737976,-0.04283136874437332,0.39052584767341614,0.5443245768547058,0.3644886016845703,-0.006412017624825239,0.9237713813781738,0.5633083581924438,0.35548627376556396,-0.06101667508482933,0.382959246635437,0.5486546754837036,0.34640637040138245,-0.007256361655890942,0.8969965577125549,0.5604780316352844,0.3494724631309509,-0.05962343141436577,0.3926564157009125,0.5428171157836914,0.33798515796661377,-0.013209170661866665,0.8943076729774475,0.5586814880371094,0.35272645950317383,-0.048071615397930145,0.396744966506958,0.5415080785751343,0.34169402718544006,-0.0039984374307096004,0.8538075089454651,0.5211333632469177,0.5633832812309265,0.06959258764982224,0.9990519881248474,0.5089161396026611,0.5657581686973572,-0.06966454535722733,0.999066948890686,0.5490987300872803,0.7018470168113708,0.15482193231582642,0.8954506516456604,0.47081583738327026,0.717864453792572,-0.024348724633455276,0.9749584197998047,0.5635395050048828,0.8257995843887329,0.256320983171463,0.9371087551116943,0.4303530156612396,0.8616052269935608,0.02953985333442688,0.9757202863693237,0.55440753698349,0.8535588383674622,0.2643539607524872,0.9060741066932678,0.42172306776046753,0.8787357807159424,0.033350273966789246,0.8876926898956299,0.5949947237968445,0.8597506284713745,0.22271689772605896,0.9362313151359558,0.44797611236572266,0.9079724550247192,-0.03174373507499695,0.9567413330078125,5
188,0.5500771403312683,0.30929678678512573,-0.05874244496226311,0.9995284676551819,0.5501801371574402,0.29197263717651367,-0.04958662763237953,0.9991826415061951,0.5496952533721924,0.2911740839481354,-0.04956810921430588,0.9990281462669373,0.5490216612815857,0.29017871618270874,-0.04955017566680908,0.9990015029907227,0.549622654914856,0.2904062569141388,-0.07815176993608475,0.999235212802887,0.5487093329429626,0.2886558175086975,-0.0781545341014862,0.999276876449585,0.5475112199783325,0.28664180636405945,-0.07813288271427155,0.9992868304252625,0.5387282967567444,0.28026822209358215,0.013769910670816898,0.9975735545158386,0.5353620052337646,0.2783445715904236,-0.11795344203710556,0.9991878271102905,0.5454293489456177,0.3172719478607178,-0.032363805919885635,0.9984497427940369,0.5440994501113892,0.3149033784866333,-0.07071160525083542,0.9989191293716431,0.517194390296936,0.3469638228416443,0.08163835108280182,0.9987343549728394,0.49373432993888855,0.33496809005737305,-0.15324221551418304,0.9997982978820801,0.5417738556861877,0.43332356214523315,0.03137928619980812,0.22667048871517181,0.5220378637313843,0.43186134099960327,-0.12651413679122925,0.9536387920379639,0.5542516112327576,0.3713023364543915,-0.12779690325260162,0.3757641911506653,0.539678156375885,0.36706432700157166,0.011647864244878292,0.9170480370521545,0.556768000125885,0.3525867462158203,-0.15276889503002167,0.3685242533683777,0.5439687371253967,0.3476450443267822,0.011686398647725582,0.8858270645141602,0.5529457926750183,0.34585797786712646,-0.15075579285621643,0.37875351309776306,0.5380987524986267,0.3385376036167145,0.00604963768273592,0.8827685713768005,0.551458477973938,0.35532185435295105,-0.13442468643188477,0.38364842534065247,0.5370302200317383,0.3475494384765625,0.014770385809242725,0.8393126130104065,0.5181160569190979,0.5638855695724487,0.06985927373170853,0.9991092681884766,0.5024321675300598,0.5679757595062256,-0.06998411566019058,0.9991180896759033,0.5488112568855286,0.7016981840133667,0.1517891138792038,0.8971964120864868,0.4663420617580414,0.7215521335601807,-0.014416388235986233,0.9769068956375122,0.5631083250045776,0.8255345225334167,0.2549777925014496,0.93976891040802,0.42912372946739197,0.8633475303649902,0.050571128726005554,0.9776766300201416,0.5542498826980591,0.8533019423484802,0.2616346478462219,0.9093465805053711,0.41952428221702576,0.8809977769851685,0.057035841047763824,0.8937137126922607,0.5942620635032654,0.8573297262191772,0.21584534645080566,0.9395394325256348,0.44963037967681885,0.9107346534729004,-0.022345565259456635,0.9599436521530151,5
189,0.5459807515144348,0.30845242738723755,-0.0635264590382576,0.999569296836853,0.5463544726371765,0.2915251553058624,-0.05442163720726967,0.9992564916610718,0.5458193421363831,0.29082563519477844,-0.05440036952495575,0.9991168975830078,0.5451083779335022,0.28990989923477173,-0.05437680333852768,0.9990925192832947,0.5459491014480591,0.28985267877578735,-0.08340553194284439,0.9993025660514832,0.5451002717018127,0.2881315350532532,-0.08341334760189056,0.9993405342102051,0.5439867377281189,0.2862083315849304,-0.08339697867631912,0.9993470907211304,0.5348787903785706,0.28047722578048706,0.008390834555029869,0.9977890849113464,0.5316521525382996,0.2785358130931854,-0.12760451436042786,0.9992609620094299,0.5406646728515625,0.31659048795700073,-0.03720478340983391,0.9985883831977844,0.5399976372718811,0.31432896852493286,-0.07543070614337921,0.9990130066871643,0.5069491863250732,0.3489505648612976,0.08086922019720078,0.9988147616386414,0.489886611700058,0.335705041885376,-0.16521897912025452,0.9998136162757874,0.5266781449317932,0.4328947365283966,0.0435701385140419,0.22155636548995972,0.5190235376358032,0.43439367413520813,-0.13063791394233704,0.9517192840576172,0.5480667352676392,0.3755468428134918,-0.0972532331943512,0.3688730299472809,0.5380253195762634,0.372520387172699,0.02057872898876667,0.912872850894928,0.5521608591079712,0.3563380539417267,-0.11475609242916107,0.3598974943161011,0.5423987507820129,0.3517080247402191,0.02311014011502266,0.8772449493408203,0.5488815307617188,0.35354092717170715,-0.11337623745203018,0.37082165479660034,0.5366228222846985,0.3435814082622528,0.02055739425122738,0.8739312887191772,0.5489410758018494,0.3592093288898468,-0.10317418724298477,0.3758864998817444,0.5353246331214905,0.3538006544113159,0.02538846991956234,0.8280057907104492,0.505413830280304,0.5639687180519104,0.07293322682380676,0.9991602897644043,0.49986159801483154,0.5670579671859741,-0.07305534183979034,0.9991448521614075,0.5452743172645569,0.7020004987716675,0.14112083613872528,0.8928452730178833,0.4648701846599579,0.722798228263855,-0.005507991649210453,0.9780982732772827,0.562773585319519,0.8255075812339783,0.20808227360248566,0.9403640627861023,0.42926090955734253,0.8640456199645996,0.08340203762054443,0.9790869355201721,0.5536870360374451,0.8530991673469543,0.2124938815832138,0.9099871516227722,0.42045480012893677,0.8826763033866882,0.09117904305458069,0.8983792662620544,0.5939692258834839,0.8553869724273682,0.17381374537944794,0.9414384365081787,0.44845816493034363,0.9094892740249634,0.03801977261900902,0.9623234272003174,5
190,0.5405271649360657,0.31233781576156616,-0.06485531479120255,0.9996035695075989,0.5418174862861633,0.29504460096359253,-0.056185003370046616,0.9993191361427307,0.5413653254508972,0.294013649225235,-0.05616576597094536,0.9991925954818726,0.5407041907310486,0.29274168610572815,-0.05614246428012848,0.9991700053215027,0.5412618517875671,0.2938280701637268,-0.08467487245798111,0.9993592500686646,0.5404175519943237,0.2921352684497833,-0.08468805998563766,0.9993941187858582,0.5393021106719971,0.29025277495384216,-0.08467184007167816,0.9993975758552551,0.5300242304801941,0.2829100787639618,0.006486149504780769,0.9979756474494934,0.5271250009536743,0.28143665194511414,-0.12837249040603638,0.9993230104446411,0.5353791117668152,0.3200940787792206,-0.03943999484181404,0.99870765209198,0.5342893600463867,0.31810685992240906,-0.07721009105443954,0.999092698097229,0.5025970339775085,0.350943922996521,0.07902488112449646,0.9988812804222107,0.485453724861145,0.33736464381217957,-0.16181035339832306,0.9998282790184021,0.5238320231437683,0.43305912613868713,0.06121062859892845,0.21942977607250214,0.5132229924201965,0.44263216853141785,-0.12747642397880554,0.9505362510681152,0.544367253780365,0.37724459171295166,-0.04582643881440163,0.3596263825893402,0.5349375605583191,0.37715980410575867,0.009044069796800613,0.9113775491714478,0.5481866002082825,0.35819530487060547,-0.06227127090096474,0.348382830619812,0.5405699014663696,0.35587260127067566,0.011990148574113846,0.8733916282653809,0.5442345142364502,0.3531905710697174,-0.0867081955075264,0.359098881483078,0.5344104170799255,0.3484957218170166,0.009124520234763622,0.8699975609779358,0.5442622303962708,0.3605506718158722,-0.05358194187283516,0.3647735118865967,0.5325189232826233,0.3581085503101349,0.01337859034538269,0.8225308060646057,0.4980181157588959,0.5638404488563538,0.0725909098982811,0.9991750121116638,0.4965241849422455,0.566253662109375,-0.07268059253692627,0.9991690516471863,0.5419930815696716,0.7004573941230774,0.14047899842262268,0.8815233111381531,0.4608222544193268,0.7264884114265442,-0.04029054567217827,0.9788268208503723,0.5613088607788086,0.8235822916030884,0.21954560279846191,0.938686728477478,0.4278775453567505,0.8667075634002686,0.01114968303591013,0.9798779487609863,0.5536177754402161,0.8527507185935974,0.2252749353647232,0.9074362516403198,0.41846808791160583,0.8864812254905701,0.013970171101391315,0.90079265832901,0.5929391384124756,0.8543767333030701,0.1828993856906891,0.9411478638648987,0.4493219256401062,0.9094699025154114,-0.04289165884256363,0.9636821150779724,5
191,0.5371444225311279,0.3113335967063904,-0.05154915526509285,0.9996404051780701,0.5384874939918518,0.294363796710968,-0.042350806295871735,0.9993836283683777,0.5380460023880005,0.2933677136898041,-0.042320653796195984,0.9992697834968567,0.537353515625,0.2921494245529175,-0.04229488596320152,0.9992486834526062,0.5374720692634583,0.2931253910064697,-0.07065798342227936,0.9994189143180847,0.5364341735839844,0.29144614934921265,-0.07067503035068512,0.9994509816169739,0.5351771712303162,0.28954172134399414,-0.07065704464912415,0.9994527697563171,0.5267229676246643,0.28272026777267456,0.01781224086880684,0.9981662631034851,0.5236961245536804,0.28098437190055847,-0.11251146346330643,0.9993880391120911,0.5313538312911987,0.31952595710754395,-0.026773422956466675,0.9988299012184143,0.5300624966621399,0.31724488735198975,-0.06457331776618958,0.9991781711578369,0.50352543592453,0.3497333526611328,0.08471108973026276,0.9989627003669739,0.481429785490036,0.3371161222457886,-0.15202873945236206,0.9998440146446228,0.5177541971206665,0.4302857220172882,0.034195564687252045,0.2157566398382187,0.5031733512878418,0.4411351680755615,-0.1089729592204094,0.9527379274368286,0.5393379926681519,0.3742152154445648,-0.1233687773346901,0.3483346104621887,0.5289222002029419,0.38682642579078674,0.040372952818870544,0.9131674766540527,0.5424659252166748,0.3572455942630768,-0.14505115151405334,0.33552032709121704,0.53658127784729,0.37181028723716736,0.046638645231723785,0.8732934594154358,0.5425565838813782,0.3567054867744446,-0.14068761467933655,0.34642404317855835,0.531882643699646,0.3636602759361267,0.040855877101421356,0.8698937296867371,0.538459837436676,0.36289188265800476,-0.1283271759748459,0.3530519902706146,0.5296000242233276,0.3676561117172241,0.04451688379049301,0.8217960000038147,0.5015537738800049,0.5593386888504028,0.07139816880226135,0.9992151856422424,0.48421812057495117,0.5626241564750671,-0.07148601114749908,0.9992155432701111,0.5406790375709534,0.693893551826477,0.1280764937400818,0.8849737048149109,0.4586370885372162,0.7258609533309937,-0.04886207357048988,0.9804203510284424,0.5619726777076721,0.8235962390899658,0.1998063623905182,0.9409099817276001,0.42679789662361145,0.8661156296730042,-0.004817170090973377,0.9812992215156555,0.5543868541717529,0.8511465191841125,0.20409747958183289,0.9092692732810974,0.4189198315143585,0.8850195407867432,-0.0023505426943302155,0.9046928882598877,0.5936978459358215,0.8545830845832825,0.16548556089401245,0.9434083104133606,0.44878992438316345,0.908715009689331,-0.0627540796995163,0.9661041498184204,5
192,0.5358087420463562,0.31015461683273315,-0.047725435346364975,0.9996712803840637,0.5369675159454346,0.2942402958869934,-0.03903030604124069,0.9994376301765442,0.5366042852401733,0.29317617416381836,-0.03900038078427315,0.9993360638618469,0.5359886288642883,0.29181861877441406,-0.03897623345255852,0.9993154406547546,0.5358439087867737,0.2929297089576721,-0.06906800717115402,0.9994683265686035,0.5348355770111084,0.2911941707134247,-0.06909457594156265,0.9994990229606628,0.5336514115333557,0.28927066922187805,-0.06909529119729996,0.9994979500770569,0.525053083896637,0.28121790289878845,0.01920316182076931,0.9983310699462891,0.5225329995155334,0.28052034974098206,-0.11577929556369781,0.9994446635246277,0.5304872393608093,0.318439245223999,-0.0231393501162529,0.9989326596260071,0.5288500785827637,0.31580445170402527,-0.0631752535700798,0.9992499947547913,0.49919137358665466,0.34400275349617004,0.08969820290803909,0.9990276098251343,0.4797876179218292,0.33502647280693054,-0.15576253831386566,0.9998573064804077,0.5061919689178467,0.4290952980518341,0.08401073515415192,0.20708486437797546,0.49760401248931885,0.4413522183895111,-0.11514352262020111,0.9558609127998352,0.5340865850448608,0.3695818781852722,-0.024413863196969032,0.33469659090042114,0.5263159275054932,0.38238725066185,0.03299718722701073,0.9177242517471313,0.5401766300201416,0.34946078062057495,-0.03752349689602852,0.32174965739250183,0.5346940755844116,0.36545154452323914,0.03801506385207176,0.8777648210525513,0.5395089983940125,0.35800179839134216,-0.037331387400627136,0.33292725682258606,0.5304434299468994,0.35679224133491516,0.03175273910164833,0.8744845390319824,0.5342722535133362,0.36245790123939514,-0.03015122003853321,0.3412249982357025,0.5273120403289795,0.3616141080856323,0.03692319244146347,0.8272087574005127,0.5012808442115784,0.5584229230880737,0.07409963756799698,0.9992351531982422,0.47881487011909485,0.5626017451286316,-0.0741838589310646,0.9992281794548035,0.5401698350906372,0.6921046376228333,0.11817891895771027,0.8901294469833374,0.456898033618927,0.7270427346229553,-0.03804478794336319,0.9818601608276367,0.5611884593963623,0.8266189098358154,0.18714530766010284,0.9433689713478088,0.4274287521839142,0.8679710626602173,0.026290982961654663,0.9826417565345764,0.5539235472679138,0.8518153429031372,0.19078196585178375,0.9119012355804443,0.4197007119655609,0.8867316246032715,0.030811963602900505,0.9093573689460754,0.5928305387496948,0.8548950552940369,0.14943617582321167,0.9459308981895447,0.44982343912124634,0.909749448299408,-0.030722608789801598,0.9683600068092346,5
193,0.5315377116203308,0.30771562457084656,-0.029953867197036743,0.9996964335441589,0.5333124399185181,0.2938908636569977,-0.020892206579446793,0.9994820952415466,0.5329391360282898,0.29287776350975037,-0.02086132951080799,0.9993926286697388,0.5323391556739807,0.2914222478866577,-0.02083144523203373,0.999370813369751,0.5322497487068176,0.2919328212738037,-0.05135544762015343,0.9995087385177612,0.531249463558197,0.2898767590522766,-0.05138833820819855,0.9995400905609131,0.5300838947296143,0.28760045766830444,-0.05140018090605736,0.9995354413986206,0.5217054486274719,0.2798088490962982,0.036108266562223434,0.9984679818153381,0.5189980864524841,0.27829688787460327,-0.10242580622434616,0.9994939565658569,0.5257450342178345,0.3160676956176758,-0.006095248740166426,0.9990141987800598,0.5241863131523132,0.31253865361213684,-0.046638503670692444,0.9993082284927368,0.4949740171432495,0.34031620621681213,0.1060364618897438,0.9990812540054321,0.47798094153404236,0.3299807608127594,-0.15047387778759003,0.9998695850372314,0.4978855848312378,0.43006375432014465,0.1131281927227974,0.19409511983394623,0.4971778690814972,0.4384405314922333,-0.10685666650533676,0.959052324295044,0.519472062587738,0.37539416551589966,0.014009539969265461,0.31621477007865906,0.5267581343650818,0.3728422224521637,0.04537324607372284,0.9224647283554077,0.5262850522994995,0.3661127984523773,0.000617251789662987,0.30448922514915466,0.534608006477356,0.35435885190963745,0.051090363413095474,0.8832829594612122,0.5262569189071655,0.3659147322177887,-0.001010135980322957,0.31583067774772644,0.5302218794822693,0.3509742021560669,0.04265785217285156,0.8801640272140503,0.5213961005210876,0.367268443107605,0.007694093510508537,0.3249083459377289,0.5273562073707581,0.35512569546699524,0.04865102842450142,0.8340509533882141,0.5002524256706238,0.556675136089325,0.07728758454322815,0.9992344379425049,0.47648218274116516,0.5607675909996033,-0.07739816606044769,0.9992437362670898,0.5390468239784241,0.6900925636291504,0.11525942385196686,0.8954566121101379,0.4558694064617157,0.7256230711936951,-0.05786551535129547,0.983350932598114,0.5583032369613647,0.8274369835853577,0.17847496271133423,0.9467567205429077,0.4273606240749359,0.8670644164085388,-0.019761621952056885,0.9840763807296753,0.5502921938896179,0.8523432612419128,0.1810571849346161,0.9161911606788635,0.41937005519866943,0.885860800743103,-0.01845615729689598,0.9150094985961914,0.5910909175872803,0.8550109267234802,0.1394059956073761,0.9492582678794861,0.44987374544143677,0.9099898934364319,-0.0822819247841835,0.9708536267280579,5
194,0.5277895331382751,0.3023551404476166,-0.03772548958659172,0.9996342062950134,0.5289208292961121,0.28879716992378235,-0.026627829298377037,0.9993800520896912,0.5282579660415649,0.28752997517585754,-0.026652071624994278,0.9993177652359009,0.5273979306221008,0.28589552640914917,-0.026618998497724533,0.9992743730545044,0.5289477705955505,0.288247287273407,-0.05736112222075462,0.9993570446968079,0.5284212231636047,0.28673669695854187,-0.05740932747721672,0.9994270205497742,0.5277613401412964,0.28512775897979736,-0.05743183195590973,0.9993951320648193,0.5180237293243408,0.27596908807754517,0.03172606602311134,0.9982195496559143,0.5177257061004639,0.27617546916007996,-0.10752350836992264,0.9994170069694519,0.5217253565788269,0.3086872398853302,-0.013158212415874004,0.9987878799438477,0.5216435194015503,0.3077544867992401,-0.05376816168427467,0.9991205930709839,0.48739010095596313,0.33209824562072754,0.1050477996468544,0.9990436434745789,0.47932031750679016,0.3270637094974518,-0.15932348370552063,0.9998718500137329,0.48434576392173767,0.4357026517391205,0.13518552482128143,0.17881371080875397,0.49948590993881226,0.4270986318588257,-0.14967304468154907,0.9618949294090271,0.48952585458755493,0.5150188207626343,0.059314314275979996,0.2900021970272064,0.5274332761764526,0.3523983657360077,-0.037720371037721634,0.9257928133010864,0.4930743873119354,0.5388392210006714,0.04650969058275223,0.2806438207626343,0.5349596738815308,0.3311683237552643,-0.04702124744653702,0.8889906406402588,0.49383780360221863,0.5352658033370972,0.03256124258041382,0.29134055972099304,0.5297999978065491,0.3260611891746521,-0.05118453875184059,0.8861703276634216,0.4912969470024109,0.5252435207366943,0.04823177680373192,0.30033931136131287,0.5271711349487305,0.3314392566680908,-0.035491157323122025,0.8414075970649719,0.49480965733528137,0.5524629950523376,0.08087845146656036,0.9992250204086304,0.4769664406776428,0.5574353933334351,-0.08088676631450653,0.9992536306381226,0.536544919013977,0.6815176010131836,0.1165575310587883,0.8979573845863342,0.4545862376689911,0.7235490679740906,-0.05697471275925636,0.9847053289413452,0.5500064492225647,0.8249090313911438,0.19029612839221954,0.9497759938240051,0.4276673197746277,0.8667106032371521,-0.0018420725828036666,0.9853423833847046,0.5409368276596069,0.8523349761962891,0.1932476907968521,0.9194933176040649,0.418613463640213,0.8858973383903503,-0.00010206781007582322,0.9190512299537659,0.5850740075111389,0.8551212549209595,0.14495588839054108,0.952526330947876,0.45043665170669556,0.9104619026184082,-0.07601508498191833,0.9731042981147766,5
195,0.5267173647880554,0.30175381898880005,-0.03982949256896973,0.99946129322052,0.5278999209403992,0.28792306780815125,-0.0312384981662035,0.9990652203559875,0.5271863341331482,0.28649747371673584,-0.031144116073846817,0.9990429878234863,0.5262459516525269,0.28460589051246643,-0.03113478608429432,0.9989460110664368,0.5277794599533081,0.2873968183994293,-0.06011326611042023,0.998953640460968,0.5271371006965637,0.28580784797668457,-0.06021416559815407,0.9991098046302795,0.5263364315032959,0.28388795256614685,-0.060288917273283005,0.9990159273147583,0.5157118439674377,0.27314576506614685,0.03031260520219803,0.9974900484085083,0.5156475901603699,0.27388614416122437,-0.1207311674952507,0.999138593673706,0.5202234387397766,0.30807575583457947,-0.01601453125476837,0.9981744289398193,0.5200434923171997,0.30733785033226013,-0.061896998435258865,0.9985980987548828,0.4862239956855774,0.331380695104599,0.09918860346078873,0.9989720582962036,0.47852370142936707,0.3257122337818146,-0.1718384325504303,0.9998692274093628,0.4839584231376648,0.4384002387523651,0.1313762366771698,0.16477440297603607,0.5007371306419373,0.4227266311645508,-0.1687510907649994,0.964277446269989,0.4864734411239624,0.5194995999336243,0.055348191410303116,0.26642531156539917,0.5283689498901367,0.34128710627555847,-0.07161948829889297,0.9292780756950378,0.48885998129844666,0.5416197180747986,0.042656365782022476,0.2592267394065857,0.5351829528808594,0.3167222738265991,-0.08427064120769501,0.8947592973709106,0.4898652136325836,0.5355934500694275,0.028196852654218674,0.26936012506484985,0.5297589898109436,0.3103959262371063,-0.0870966762304306,0.8921840190887451,0.48788148164749146,0.5260576009750366,0.044252242892980576,0.2782336175441742,0.5259688496589661,0.31738901138305664,-0.06951281428337097,0.8487880825996399,0.49128496646881104,0.5528440475463867,0.08077540248632431,0.9992029070854187,0.47731465101242065,0.5574933886528015,-0.08076584339141846,0.9992535710334778,0.5335898995399475,0.6815072298049927,0.14382900297641754,0.8957948684692383,0.45248904824256897,0.7214104533195496,-0.044068191200494766,0.9857650399208069,0.5436927080154419,0.821993887424469,0.24565425515174866,0.950742244720459,0.4282337725162506,0.8661487102508545,0.038022056221961975,0.9862885475158691,0.5328582525253296,0.8511156439781189,0.25148966908454895,0.9201874136924744,0.4195247292518616,0.8851814270019531,0.041651174426078796,0.921709418296814,0.5767871141433716,0.8552258610725403,0.20509622991085052,0.9544031620025635,0.45053231716156006,0.9101362228393555,-0.042591262608766556,0.9747873544692993,5