frame,0_x,0_y,0_z,0_visibility,1_x,1_y,1_z,1_visibility,2_x,2_y,2_z,2_visibility,3_x,3_y,3_z,3_visibility,4_x,4_y,4_z,4_visibility,5_x,5_y,5_z,5_visibility,6_x,6_y,6_z,6_visibility,7_x,7_y,7_z,7_visibility,8_x,8_y,8_z,8_visibility,9_x,9_y,9_z,9_visibility,10_x,10_y,10_z,10_visibility,11_x,11_y,11_z,11_visibility,12_x,12_y,12_z,12_visibility,13_x,13_y,13_z,13_visibility,14_x,14_y,14_z,14_visibility,15_x,15_y,15_z,15_visibility,16_x,16_y,16_z,16_visibility,17_x,17_y,17_z,17_visibility,18_x,18_y,18_z,18_visibility,19_x,19_y,19_z,19_visibility,20_x,20_y,20_z,20_visibility,21_x,21_y,21_z,21_visibility,22_x,22_y,22_z,22_visibility,23_x,23_y,23_z,23_visibility,24_x,24_y,24_z,24_visibility,25_x,25_y,25_z,25_visibility,26_x,26_y,26_z,26_visibility,27_x,27_y,27_z,27_visibility,28_x,28_y,28_z,28_visibility,29_x,29_y,29_z,29_visibility,30_x,30_y,30_z,30_visibility,31_x,31_y,31_z,31_visibility,32_x,32_y,32_z,32_visibility,label
207,0.4121594727039337,0.2865074574947357,-0.1084826737642288,0.9998591542243958,0.4143573045730591,0.2736493945121765,-0.0887514501810073,0.9997663497924804,0.4149612486362457,0.273487240076065,-0.0887939929962158,0.9997225403785706,0.4154418706893921,0.2732504606246948,-0.08878655731678,0.9997358322143556,0.4103673100471496,0.2715621590614319,-0.115906111896038,0.9997811317443848,0.4081088900566101,0.2697533071041107,-0.1158825680613517,0.999782145023346,0.4054445326328277,0.267557680606842,-0.1159255132079124,0.9997426867485046,0.4089671075344085,0.2716103494167328,0.0192526411265134,0.9992012977600098,0.3926173746585846,0.2622977793216705,-0.1020602136850357,0.9997603297233582,0.4088111221790313,0.2976965308189392,-0.0664909780025482,0.999587893486023,0.4038054645061493,0.2963630855083465,-0.1026104018092155,0.9997045397758484,0.4056073427200317,0.3381624221801758,0.1156326830387115,0.9993765354156494,0.3507974743843078,0.3195434212684631,-0.1487279683351516,0.9999423623085022,0.414338082075119,0.4363097250461578,0.1020510643720626,0.3229568600654602,0.3752958476543426,0.3961305022239685,-0.2811425626277923,0.9889936447143556,0.4558251798152923,0.3797287940979004,-0.0246173068881034,0.5923881530761719,0.3990335464477539,0.2945868074893951,-0.3624578714370727,0.9811657071113586,0.4650567770004272,0.3644888997077942,-0.0418182350695133,0.5759469866752625,0.4045918881893158,0.2651977241039276,-0.3922412693500519,0.9668503403663636,0.463531881570816,0.3555407524108886,-0.0511103309690952,0.5827715992927551,0.3988981246948242,0.260492205619812,-0.3875987231731415,0.9647541642189026,0.4599488973617553,0.3594578206539154,-0.0332209095358848,0.5846917629241943,0.3969098031520843,0.2689237296581268,-0.3611941039562225,0.9435358047485352,0.3918278515338897,0.551042914390564,0.092007540166378,0.9991986155509948,0.3701972961425781,0.5525282025337219,-0.0920768976211547,0.9994964599609376,0.3993154168128967,0.6997664570808411,0.1624530702829361,0.8704293966293335,0.3899808526039123,0.7172558307647705,-0.128339797258377,0.9940460324287416,0.3794111907482147,0.8251706957817078,0.3068021535873413,0.9440924525260924,0.3425624966621399,0.8511971235275269,-0.0726654902100563,0.9935069680213928,0.3702162206172943,0.85054612159729,0.3173046708106994,0.9135133624076844,0.3257118761539459,0.8682353496551514,-0.0726929605007171,0.9585317969322203,0.4115435183048248,0.853814959526062,0.2581466436386108,0.9564069509506226,0.3520949184894562,0.9151890277862548,-0.1522303074598312,0.9895864129066468,13
208,0.4137335121631622,0.2862718403339386,-0.1506191939115524,0.9998660683631896,0.4164786636829376,0.2737170755863189,-0.1302224099636078,0.99977707862854,0.4173482060432434,0.2735543847084045,-0.1302354484796524,0.9997313022613524,0.4180498421192169,0.2733070254325866,-0.1302235722541809,0.9997424483299256,0.4116414487361908,0.2716685831546783,-0.1530340760946273,0.9997926354408264,0.4092389047145843,0.2698903083801269,-0.1530251950025558,0.9997920989990234,0.4063148498535156,0.2677291929721832,-0.1530452221632003,0.9997547268867492,0.412737637758255,0.2720008790493011,-0.015097877010703,0.999238908290863,0.3935595154762268,0.2624699771404266,-0.1162567064166069,0.9997724294662476,0.4110144376754761,0.2973830103874206,-0.1056982353329658,0.999605357646942,0.4054673016071319,0.2960409522056579,-0.1358347535133361,0.9997170567512512,0.412409245967865,0.3388774394989013,0.0907110199332237,0.9994236826896667,0.3525116145610809,0.3196649253368377,-0.1457955539226532,0.9999390244483948,0.4316883683204651,0.432872325181961,0.0917660072445869,0.3645208477973938,0.3744187951087951,0.3972081243991852,-0.2910934090614319,0.989408016204834,0.463297039270401,0.3808899223804474,-0.0100984126329422,0.6290724277496338,0.3957694172859192,0.2987826764583587,-0.4016563594341278,0.9826950430870056,0.47337606549263,0.3648067414760589,-0.0223301742225885,0.611382007598877,0.3996158838272095,0.2694503664970398,-0.431820660829544,0.9694437980651855,0.4710663557052612,0.356588751077652,-0.0285492520779371,0.6177016496658325,0.3942194283008575,0.266379565000534,-0.428550660610199,0.9674808979034424,0.4667453467845917,0.3614553213119507,-0.016368344426155,0.6184586882591248,0.3933540284633636,0.275212287902832,-0.4015093147754669,0.9477381706237792,0.3947330117225647,0.5520961880683899,0.0868604034185409,0.9991272687911988,0.3745569586753845,0.5539581775665283,-0.0869607701897621,0.9994287490844728,0.3995857536792755,0.6995020508766174,0.1319698542356491,0.8406773805618286,0.4011505544185638,0.7170854210853577,-0.1103117614984512,0.9913090467453004,0.380319207906723,0.8251008987426758,0.2467247098684311,0.9272576570510864,0.3684730529785156,0.8515926003456116,-0.0370989926159381,0.9887565970420836,0.3707032799720764,0.846648097038269,0.2535910010337829,0.9014990329742432,0.3582974076271057,0.867958664894104,-0.0335362926125526,0.947536826133728,0.4113914668560028,0.8532373309135437,0.2011065781116485,0.944514274597168,0.3871100544929504,0.9055468440055848,-0.1135884523391723,0.9846796989440918,13
209,0.417391836643219,0.2794100642204284,-0.131976380944252,0.9998694062232972,0.4202313125133514,0.2662704288959503,-0.1149868741631507,0.9997814893722534,0.4215416312217712,0.26601642370224,-0.1150012537837028,0.9997355341911316,0.4226501286029815,0.2657173275947571,-0.1149849966168403,0.9997462630271912,0.4144252836704254,0.2649998962879181,-0.1346032172441482,0.9997969269752502,0.4115058481693268,0.2634903192520141,-0.1345897614955902,0.9997926950454712,0.4082284569740295,0.2615335583686828,-0.1346076875925064,0.999756395816803,0.4180448353290558,0.2672856748104095,-0.0097955334931612,0.9992728233337402,0.3960968554019928,0.2585359811782837,-0.0991348996758461,0.9997819066047668,0.416080504655838,0.2903123497962951,-0.0899673178791999,0.999622642993927,0.4093985557556152,0.2892129123210907,-0.1161593943834304,0.9997287392616272,0.4205631613731384,0.3362157046794891,0.0860821902751922,0.99946928024292,0.3576327264308929,0.3195451200008392,-0.1098230257630348,0.9999333620071412,0.43897745013237,0.4299818277359009,0.0583587735891342,0.3993979692459106,0.3673838078975677,0.3974318206310272,-0.2528093457221985,0.989905834197998,0.4671067297458648,0.3876888155937195,-0.0806987211108207,0.6619229316711426,0.3933088183403015,0.2996541857719421,-0.3514718413352966,0.9837902188301086,0.4783720374107361,0.3720006644725799,-0.0991848856210708,0.6441190242767334,0.3998346924781799,0.2714666724205017,-0.3782824277877807,0.9713078737258912,0.477238118648529,0.3615600764751434,-0.1078821793198585,0.6500864624977112,0.3950682878494262,0.2676745653152466,-0.3745465874671936,0.9694452881813048,0.4726288914680481,0.3666614294052124,-0.0884423330426216,0.6498698592185974,0.3937916755676269,0.2768113613128662,-0.350749671459198,0.9509761333465576,0.3992871344089508,0.5505378842353821,0.0795950889587402,0.999125063419342,0.3789689242839813,0.5497868657112122,-0.0795887634158134,0.9993188977241516,0.3965740799903869,0.704791784286499,0.0540153756737709,0.8286784291267395,0.4166261851787567,0.7044254541397095,-0.0787037909030914,0.9910120964050292,0.3827185332775116,0.8376873731613159,0.1023855656385421,0.9255176186561584,0.3873744904994964,0.8131734728813171,0.0413795858621597,0.9850751161575316,0.3728501200675964,0.8571355938911438,0.1027909442782402,0.9024089574813844,0.3761230707168579,0.8240759968757629,0.0511986650526523,0.9416479468345642,0.4121637642383575,0.886777937412262,0.0425747297704219,0.9414113759994508,0.4047622978687286,0.8723536133766174,-0.0004532467282842,0.979165017604828,13
210,0.4190249741077423,0.2713188230991363,-0.1595614999532699,0.999874472618103,0.4211786687374115,0.2579413652420044,-0.1442208141088485,0.999789297580719,0.4222854673862457,0.2577817142009735,-0.144214928150177,0.9997420907020568,0.4231538772583008,0.2575667202472687,-0.1441936641931533,0.9997493624687196,0.415375679731369,0.2568757534027099,-0.1599077880382537,0.9998068809509276,0.4122144281864166,0.255696564912796,-0.1598993986845016,0.9998026490211488,0.408614844083786,0.2541103363037109,-0.1598913818597793,0.9997703433036804,0.4191124141216278,0.2603655755519867,-0.0419841073453426,0.9993128180503844,0.3962669372558594,0.254060298204422,-0.1084357500076294,0.999795377254486,0.4181336462497711,0.2823628187179565,-0.1182531639933586,0.9996412396430968,0.4114683866500854,0.2818084955215454,-0.1386241763830185,0.9997470378875732,0.4220451414585113,0.3292316198348999,0.0596266947686672,0.9995002746582032,0.3634789288043976,0.3190979659557342,-0.1181438937783241,0.9999334812164308,0.4421676993370056,0.4250343739986419,0.0624698475003242,0.4275174438953399,0.3555731475353241,0.3972729444503784,-0.2579496800899505,0.9905179738998412,0.4690754115581512,0.3952672779560089,-0.041925735771656,0.6899099946022034,0.3848970532417297,0.3001416623592376,-0.371220976114273,0.9850146174430848,0.4806378781795501,0.3853075802326202,-0.0552508831024169,0.6714819669723511,0.3936806917190552,0.2727846503257751,-0.3986488580703735,0.9733151197433472,0.4808336198329925,0.3758608698844909,-0.0649880543351173,0.6768478155136108,0.3923140168190002,0.2700537443161011,-0.3919763267040252,0.9715338945388794,0.4762144684791565,0.3791639506816864,-0.0490785837173461,0.6756157279014587,0.3905642628669739,0.2786546945571899,-0.3688845932483673,0.9543033838272096,0.4000953137874603,0.5487434267997742,0.0694964602589607,0.9989492893218994,0.3865258395671844,0.5492373704910278,-0.0695003345608711,0.9992299675941468,0.3935417234897613,0.7045942544937134,0.1110054329037666,0.7967367172241211,0.4199321568012237,0.6980084180831909,-0.0779294222593307,0.9894306659698486,0.3817719221115112,0.833246111869812,0.2027605324983596,0.9129101037979126,0.4110620319843292,0.8276054859161377,0.0298506654798984,0.9795254468917848,0.3725449740886688,0.8528012633323669,0.2081857621669769,0.8960583209991455,0.3989521861076355,0.8434770703315735,0.03804262727499,0.9344168305397034,0.4118136763572693,0.8717594146728516,0.162569910287857,0.9285982847213744,0.4298649132251739,0.8793047666549683,-0.0653933584690094,0.9699105024337769,13
211,0.4251863658428192,0.2603461742401123,-0.1474052369594574,0.9998735189437866,0.4242637455463409,0.2467250972986221,-0.1328237652778625,0.9997766613960266,0.4245982766151428,0.2466269582509994,-0.1328289210796356,0.9997217655181884,0.4247044026851654,0.2465194761753082,-0.1328151524066925,0.9997247457504272,0.4200936555862427,0.2464531511068344,-0.1511014252901077,0.9998101592063904,0.4174565374851227,0.2461200058460235,-0.1511151790618896,0.9998069405555724,0.414350688457489,0.2457721531391143,-0.1511202901601791,0.9997798800468444,0.4173632860183716,0.2508591711521148,-0.0423769392073154,0.9992722868919371,0.4019281566143036,0.2503189742565155,-0.1226957365870475,0.9998005628585817,0.4234358966350555,0.2736531496047973,-0.1114932671189308,0.9996491074562072,0.419131338596344,0.2733393311500549,-0.1355422139167785,0.9997645020484924,0.4268717169761657,0.325468510389328,0.0469734407961368,0.9995046257972716,0.3676305115222931,0.3191247582435608,-0.1291525214910507,0.9999369978904724,0.453246146440506,0.4042614102363586,0.0658499523997306,0.4530078470706939,0.3372751474380493,0.3938512206077575,-0.2926706671714782,0.99129319190979,0.480164498090744,0.395465612411499,-0.0246725790202617,0.708256185054779,0.3702234327793121,0.3006919920444488,-0.4307900369167328,0.9861435294151306,0.4936689436435699,0.3882013261318207,-0.0403980016708374,0.6871424317359924,0.3760919868946075,0.2749488055706024,-0.4649416804313659,0.975034773349762,0.4923985600471496,0.3826507329940796,-0.0467300601303577,0.692236602306366,0.3813300132751465,0.2718409895896911,-0.4520245492458343,0.9732922911643982,0.4867906868457794,0.3846592009067535,-0.0320259928703308,0.6896318793296814,0.3807639181613922,0.2796664535999298,-0.4271498918533325,0.956998884677887,0.4089823961257934,0.5475211143493652,0.0686644688248634,0.9987066388130188,0.3916323482990265,0.5503156185150146,-0.0686617717146873,0.9992562532424928,0.3977417051792145,0.6983603239059448,0.1731603592634201,0.7823150157928467,0.4255488812923431,0.6989305019378662,-0.1250932663679123,0.9892193078994752,0.380620002746582,0.821394145488739,0.3123877644538879,0.9095771908760072,0.4410781562328338,0.8387662172317505,-0.1232498809695243,0.979720652103424,0.3711447715759277,0.8481003046035767,0.3227209746837616,0.8948356509208679,0.4184411168098449,0.8468665480613708,-0.1264043450355529,0.9356899857521056,0.4115780591964721,0.8580042719841003,0.2770878374576568,0.9241665601730348,0.4461871385574341,0.8901125192642212,-0.2163496762514114,0.96950101852417,13
212,0.4265173971652984,0.2557204067707062,-0.1314606219530105,0.9998803734779358,0.4243485629558563,0.2416649460792541,-0.1146995350718498,0.9997824430465698,0.4243910908699035,0.2414454072713852,-0.114701822400093,0.9997273087501526,0.424219012260437,0.2411335408687591,-0.1146975457668304,0.9997301697731018,0.4209243059158325,0.2418237775564193,-0.1367789655923843,0.9998216032981871,0.4185928404331207,0.241749033331871,-0.136788934469223,0.9998185634613036,0.4159137904644012,0.2416538149118423,-0.1368025094270706,0.999794602394104,0.4153370857238769,0.2454398274421692,-0.0233046934008598,0.9993064999580384,0.4037965834140777,0.2476823925971985,-0.1209392473101615,0.999811351299286,0.4248345196247101,0.2705977857112884,-0.0950054451823234,0.9996716976165771,0.4211467504501343,0.270944595336914,-0.1241780444979667,0.9997827410697936,0.4299620985984802,0.3204803764820099,0.0650628432631492,0.9995399117469788,0.3686272799968719,0.3211162388324737,-0.1325849145650863,0.9999377131462096,0.4695946276187897,0.3801402449607849,0.1048818975687027,0.5008111000061035,0.3236631453037262,0.3796875774860382,-0.3155120015144348,0.9920722842216492,0.499266505241394,0.3906271457672119,0.0573455579578876,0.7357625365257263,0.3668032884597778,0.2896658480167389,-0.4542697668075561,0.9873651266098022,0.5151021480560303,0.3856233954429626,0.0539221204817295,0.7148347496986389,0.3763299286365509,0.2587593197822571,-0.4915778338909149,0.9769662618637084,0.511516273021698,0.3815131485462188,0.0381170064210891,0.7197070121765137,0.3805830776691437,0.2594664692878723,-0.4712729752063751,0.9752945303916932,0.5040280818939209,0.3832199871540069,0.0492085665464401,0.71692955493927,0.3796836137771606,0.2709928154945373,-0.4479913115501404,0.9600587487220764,0.4198809266090393,0.5446301102638245,0.0704512074589729,0.9986812472343444,0.3983446061611175,0.5510377287864685,-0.0704558193683624,0.999294638633728,0.4139842689037323,0.6872541904449463,0.1726681590080261,0.7751871347427368,0.4319328367710113,0.6894100904464722,-0.1295429766178131,0.987517237663269,0.3822369575500488,0.7955172061920166,0.3355075716972351,0.9036930203437804,0.4439814388751983,0.8356369137763977,-0.0827817991375923,0.9796231389045716,0.3714922368526459,0.8214731812477112,0.3510790467262268,0.8930349946022034,0.4411252737045288,0.8514984846115112,-0.0821777433156967,0.9367009401321412,0.4106301963329315,0.8472698926925659,0.3044962882995605,0.9182890057563782,0.4441156089305877,0.8898764848709106,-0.1668677926063537,0.9690579771995544,13
213,0.4242556989192962,0.2480894327163696,-0.180022194981575,0.9998684525489808,0.4224369823932647,0.2335111200809478,-0.1595349460840225,0.9997186660766602,0.422592431306839,0.2333148568868637,-0.1595762073993683,0.9996528029441832,0.4225414395332336,0.2331356406211853,-0.1596162915229797,0.9996476769447328,0.4188705384731293,0.2339031845331192,-0.1772113293409347,0.9997839331626892,0.4164505898952484,0.2340689897537231,-0.177230879664421,0.9997854232788086,0.4137346148490906,0.2344243675470352,-0.1772486716508865,0.9997610449790956,0.4145908057689667,0.2388453185558319,-0.0557122454047203,0.999242663383484,0.4015999734401703,0.2418430745601654,-0.1371296048164367,0.9997606873512268,0.4223261177539825,0.2646013796329498,-0.1404181867837906,0.999662697315216,0.4182754456996918,0.2650868594646454,-0.1641841977834701,0.9997743964195251,0.4315423965454101,0.3109311163425445,-0.0010677896207198,0.999571681022644,0.3657501339912414,0.3211171925067901,-0.1205619126558303,0.9998601675033568,0.4799806773662567,0.360514223575592,0.0126931518316268,0.5487312078475952,0.3114834129810333,0.3645868301391601,-0.2855618894100189,0.992762804031372,0.5160491466522217,0.3906019926071167,-0.0824923142790794,0.7604988813400269,0.3611217737197876,0.2793864607810974,-0.4386070668697357,0.9884217977523804,0.5338526964187622,0.3976221084594726,-0.102152444422245,0.738865077495575,0.3735942542552948,0.2491846084594726,-0.4777862727642059,0.9784501791000366,0.5299199819564819,0.3979281187057495,-0.1224369183182716,0.7438865900039673,0.3776871860027313,0.25283282995224,-0.463968425989151,0.976836621761322,0.5216977000236511,0.3958388268947601,-0.0942671597003936,0.7411631345748901,0.3755570948123932,0.2647391855716705,-0.4362041652202606,0.9624342918395996,0.4316954314708709,0.5328492522239685,0.0144404619932174,0.9987136721611024,0.3999260663986206,0.5440309047698975,-0.0143120437860488,0.99919193983078,0.4348441064357757,0.6780431270599365,-0.0245670843869447,0.7902557253837585,0.4251796007156372,0.6820856928825378,-0.0093378275632858,0.9745243787765504,0.4157491326332092,0.8026979565620422,0.1363625824451446,0.902511179447174,0.4410655200481415,0.7996265888214111,0.1412288695573806,0.9697872400283812,0.4103685319423675,0.8256435990333557,0.1478141695261001,0.8845860958099365,0.4517620503902435,0.8216993808746338,0.1520476639270782,0.9174895882606506,0.4240092933177948,0.8582759499549866,0.0563634000718593,0.9139773845672609,0.4531669914722442,0.8641119003295898,0.058743767440319,0.9582086801528932,13
214,0.422608733177185,0.2459592223167419,-0.1846051812171936,0.999874711036682,0.4213343560695648,0.231522262096405,-0.1599205434322357,0.9997187256813048,0.4215641319751739,0.2313624173402786,-0.1599458307027816,0.9996444582939148,0.4215823113918304,0.2312016636133194,-0.159990444779396,0.9996412992477416,0.4178046584129333,0.2321226894855499,-0.1773867607116699,0.9997937679290771,0.4155005514621734,0.2323751151561737,-0.1774034202098846,0.99979430437088,0.4128799438476562,0.2328141778707504,-0.1774103790521621,0.9997730255126952,0.4131639301776886,0.2370643019676208,-0.0442563630640506,0.9992761611938475,0.4008301198482513,0.240005686879158,-0.1303870379924774,0.999768853187561,0.4205777049064636,0.2631409168243408,-0.1413247138261795,0.999685764312744,0.4163165688514709,0.2632970511913299,-0.1648034304380417,0.9997915029525756,0.4336014091968536,0.3080764412879944,0.0222915802150964,0.9995995759963988,0.3642703592777252,0.3224932253360748,-0.1140734627842903,0.9998604655265808,0.4854512810707092,0.3547223806381225,0.0543514862656593,0.5930069088935852,0.299230009317398,0.3400752544403076,-0.2898043394088745,0.9934425950050354,0.5296867489814758,0.3911491930484772,-0.0513287745416164,0.7834749221801758,0.3551278412342071,0.2705150842666626,-0.4614782631397247,0.9893963932991028,0.5484694242477417,0.4027049839496612,-0.0549840182065963,0.7621297240257263,0.3689509332180023,0.248378500342369,-0.5044464468955994,0.9797541499137878,0.5465161800384521,0.4032097160816192,-0.0704491809010505,0.7670606374740601,0.3733625113964081,0.2531558573246002,-0.4844767153263092,0.9782088398933412,0.5384420156478882,0.3996666073799133,-0.072220005095005,0.7644458413124084,0.3695940673351288,0.2649102210998535,-0.4572385251522064,0.9646586179733276,0.4455049335956573,0.5324789881706238,0.026392126455903,0.9986550211906432,0.4085689485073089,0.5456186532974243,-0.0262845549732446,0.9992143511772156,0.4550531506538391,0.6773395538330078,-0.0105468658730387,0.8015038371086121,0.4368669688701629,0.6878106594085693,-0.0474141053855419,0.9704275727272034,0.4155089259147644,0.764025866985321,0.2112604081630706,0.867235004901886,0.4516419172286987,0.8050464391708374,0.0301742162555456,0.9686676263809204,0.4067504703998565,0.7644410729408264,0.2042622119188308,0.8535603880882263,0.4571758508682251,0.8453933000564575,0.0348264053463935,0.9157484769821168,0.4231232404708862,0.8247225880622864,0.1571327596902847,0.8841891288757324,0.4495609104633331,0.8870355486869812,-0.0495891161262989,0.9558032751083374,13
215,0.4221797585487366,0.2450041323900222,-0.1819512248039245,0.9998833537101746,0.4206204712390899,0.2306932508945465,-0.1586134731769561,0.999733865261078,0.4209003448486328,0.2306079715490341,-0.1585857421159744,0.9996598958969116,0.4210141897201538,0.23056261241436,-0.1586203873157501,0.999660313129425,0.4170147478580475,0.2310442626476287,-0.1759361326694488,0.9998089671134948,0.4147228896617889,0.2311740964651107,-0.1759543418884277,0.9998081922531128,0.4121585190296173,0.2314283102750778,-0.1759442687034607,0.9997888803482056,0.41276615858078,0.2359895408153534,-0.0465939380228519,0.9993366599082948,0.4001946747303009,0.2378824055194854,-0.1289070099592209,0.9997820854187012,0.4198583960533142,0.261150449514389,-0.1403502821922302,0.9997125267982484,0.4155909419059753,0.2608737647533417,-0.1637573391199112,0.9998091459274292,0.4335989952087402,0.3042298257350921,0.0123915821313858,0.9996305108070374,0.3636008501052856,0.3219932019710541,-0.1157606616616249,0.9998648762702942,0.4881423413753509,0.3546139299869537,0.0520462580025196,0.6330181360244751,0.295606255531311,0.3254437744617462,-0.2903722524642944,0.9940727949142456,0.5380805134773254,0.3910037279129028,-0.037061545997858,0.8042468428611755,0.3518964052200317,0.262516975402832,-0.4315350949764251,0.9902418255805968,0.5574358105659485,0.4036345183849334,-0.0467593856155872,0.7831734418869019,0.3664300143718719,0.2412987947463989,-0.4649026691913605,0.9804924726486206,0.5559757351875305,0.4032723903656006,-0.0723525807261467,0.788131058216095,0.3707475066184997,0.2482085675001144,-0.4439586699008941,0.97896546125412,0.5480329990386963,0.3997227847576141,-0.051764890551567,0.7855169773101807,0.3667663633823395,0.259900838136673,-0.4259380996227264,0.9659743309020996,0.4514966905117035,0.5160190463066101,0.0226373728364706,0.9987392425537108,0.4145008027553558,0.5378293991088867,-0.0225183721631765,0.999251902103424,0.4890451729297638,0.633806049823761,-0.2232690751552581,0.8201375007629395,0.4345137774944305,0.6852594017982483,-0.0478663705289363,0.9667928814888,0.430220752954483,0.7266942858695984,-0.0516238324344158,0.8635861277580261,0.4505752027034759,0.8179144859313965,0.0673130229115486,0.9643251299858092,0.4194671809673309,0.7291499376296997,-0.0355642028152942,0.8506652116775513,0.4587934911251068,0.8504475355148315,0.0730642825365066,0.9057554602622986,0.4242006838321686,0.797938883304596,-0.1183482185006141,0.8853205442428589,0.4502311944961548,0.8912869691848755,-0.0361133031547069,0.949960470199585,13
216,0.4216052293777466,0.2445448637008667,-0.1986599415540695,0.999893307685852,0.4202074706554413,0.2310779392719268,-0.1777066737413406,0.9997565746307372,0.4204650223255157,0.2311328500509262,-0.1776524931192398,0.9996865391731262,0.4205626249313354,0.2311864048242569,-0.1776827275753021,0.9996887445449828,0.4165235459804535,0.2307455092668533,-0.1927526891231537,0.9998261332511902,0.4141686558723449,0.230290800333023,-0.1927661597728729,0.999824583530426,0.4115844964981079,0.2297557890415191,-0.1927467733621597,0.9998074173927308,0.4121619164943695,0.2367138117551803,-0.0654527246952056,0.9993988871574402,0.3996594250202179,0.2353082299232483,-0.1371597498655319,0.99979966878891,0.4191664457321167,0.2598521411418915,-0.1564292460680008,0.999739944934845,0.4148770272731781,0.2593406438827514,-0.1772757917642593,0.9998273849487304,0.4348460733890533,0.301151305437088,-0.0088616367429494,0.9996640086174012,0.3629834949970245,0.31984543800354,-0.1197284534573555,0.9998759627342224,0.4901447892189026,0.3558765649795532,0.0225103553384542,0.6690661311149597,0.299735426902771,0.3132028579711914,-0.3011561334133148,0.9946054220199584,0.5455348491668701,0.3955596089363098,-0.0608620382845401,0.8229857683181763,0.3542594313621521,0.256561130285263,-0.4402456879615783,0.9906405210494996,0.5652214288711548,0.408294677734375,-0.0713258311152458,0.8023839592933655,0.3699177801609039,0.2371504306793213,-0.4741649925708771,0.9793391823768616,0.5645052790641785,0.4093668162822723,-0.1012385040521621,0.807195246219635,0.3737232983112335,0.2427294701337814,-0.4536392092704773,0.9775123000144958,0.5575373768806458,0.4054782390594482,-0.0751998201012611,0.8046340346336365,0.36971515417099,0.253006249666214,-0.435086578130722,0.9642229676246644,0.4555131494998932,0.5030887126922607,0.023830248042941,0.9988422393798828,0.4192336201667785,0.5319336652755737,-0.0238013584166765,0.9993188381195068,0.5147231221199036,0.6009392142295837,-0.1418409794569015,0.8372332453727722,0.4361695647239685,0.6888688206672668,-0.0566992424428463,0.9683246612548828,0.4482487738132477,0.6582971215248108,0.0879356414079666,0.8500064611434937,0.448524922132492,0.8374954462051392,0.0352663248777389,0.9650800824165344,0.4331213235855102,0.6486514210700989,0.1107775717973709,0.8301832675933838,0.4545660614967346,0.8574143052101135,0.0397767797112464,0.9000555872917175,0.436247706413269,0.7304294109344482,0.0593794770538806,0.8763927817344666,0.4437255859375,0.905474841594696,-0.0609533265233039,0.9503846764564514,13
217,0.4186644852161407,0.2470716685056686,-0.2422956377267837,0.9998981356620787,0.418678879737854,0.2337188869714737,-0.2222206443548202,0.9997674822807312,0.4194082617759704,0.2335973531007766,-0.2221680134534835,0.9996954798698424,0.4200152158737182,0.233466237783432,-0.2222181409597396,0.9997023940086364,0.4139184057712555,0.2334807813167572,-0.2343604564666748,0.99983549118042,0.4112301766872406,0.2330433279275894,-0.2343894392251968,0.999830424785614,0.4084869027137756,0.2325590699911117,-0.2343792617321014,0.9998148083686828,0.4129528403282165,0.2381397038698196,-0.1027426794171333,0.999447226524353,0.3972360789775848,0.2374350875616073,-0.1609281003475189,0.999805748462677,0.4174892604351043,0.2609114050865173,-0.1961468309164047,0.9997602105140686,0.4121681749820709,0.2605461180210113,-0.213115394115448,0.9998411536216736,0.4355040788650512,0.3024332821369171,-0.0290562584996223,0.9996876120567322,0.3626531362533569,0.3192452490329742,-0.1234567537903785,0.9998790621757508,0.4889795482158661,0.3607256114482879,-0.0021317594218999,0.7011604309082031,0.3042215406894684,0.3083531558513641,-0.3088961541652679,0.9950273036956788,0.5394943356513977,0.4000889956951141,-0.0942027047276496,0.8395653963088989,0.3584398329257965,0.2547786235809326,-0.4623026251792907,0.9904164671897888,0.5559595823287964,0.4147645831108093,-0.1086210086941719,0.8191770911216736,0.3718685209751129,0.2349409312009811,-0.498461365699768,0.9755810499191284,0.5555555820465088,0.4147275388240814,-0.1395774483680725,0.8239232301712036,0.3762588202953338,0.240419715642929,-0.4792264997959137,0.9731782674789428,0.5497854948043823,0.4114424884319305,-0.109268344938755,0.8212925791740417,0.3713710904121399,0.2505728602409363,-0.4584229588508606,0.9592032432556152,0.4589684605598449,0.4953366816043854,0.025418559089303,0.998827576637268,0.4222259819507599,0.5289210081100464,-0.0252877008169889,0.9993457794189452,0.5355311036109924,0.5728922486305237,-0.0837773084640502,0.8522676825523376,0.4374569058418274,0.6912072896957397,-0.0622091479599475,0.9689330458641052,0.4574246704578399,0.6827003955841064,0.1257251650094986,0.8389895558357239,0.4459154009819031,0.8520020842552185,0.0344283320009708,0.964588224887848,0.4402879476547241,0.6802306175231934,0.1449206173419952,0.8056104779243469,0.4520856738090515,0.8661019802093506,0.0384797640144825,0.8907919526100159,0.4518165290355682,0.7568843960762024,0.0864598751068115,0.8617335557937622,0.4434798657894134,0.912432849407196,-0.0699542239308357,0.947576344013214,13
218,0.420166403055191,0.2478587925434112,-0.2810200452804565,0.9999068975448608,0.4203366041183471,0.2346812933683395,-0.2619606256484985,0.9997871518135072,0.4209500849246979,0.2346096038818359,-0.2619364857673645,0.9997189044952391,0.4214275777339935,0.2344678193330764,-0.2620294690132141,0.999726951122284,0.4157332479953766,0.234362244606018,-0.276348203420639,0.9998496770858764,0.4129604995250702,0.2337668538093567,-0.2763715386390686,0.9998437762260436,0.4100779294967651,0.2330555021762848,-0.2763518989086151,0.9998297095298768,0.416162759065628,0.2393589168787002,-0.1385006755590438,0.999498963356018,0.3994164764881134,0.2381211221218109,-0.2088024020195007,0.9998221397399902,0.4190200269222259,0.2623524963855743,-0.2330496907234192,0.9997833371162416,0.4134150445461273,0.2624492645263672,-0.2536484003067016,0.9998565912246704,0.436777263879776,0.3038952648639679,-0.0608755126595497,0.999718427658081,0.3623203039169311,0.3162531554698944,-0.1669318079948425,0.9998909831047058,0.4832263588905334,0.3648245334625244,-0.0073666432872414,0.729799211025238,0.3111059963703155,0.3100588321685791,-0.3534086048603058,0.9954400658607484,0.5298904776573181,0.4051624238491058,-0.0737043991684913,0.8545335531234741,0.362472802400589,0.2497603744268417,-0.5149824023246765,0.9908560514450072,0.5445740818977356,0.4199732542037964,-0.0894480869174003,0.8346216082572937,0.3758465647697449,0.2326900213956833,-0.5577452778816223,0.9750171303749084,0.5443345904350281,0.4190355241298675,-0.1201029792428016,0.8392189741134644,0.3818569481372833,0.2363378256559372,-0.5395183563232422,0.9722476601600648,0.5387070178985596,0.4156325161457062,-0.0881551504135131,0.836665689945221,0.376970499753952,0.2457671910524368,-0.5126631855964661,0.9586453437805176,0.4611254334449768,0.4844446778297424,0.0293294787406921,0.9989334344863892,0.4252251088619232,0.5287337303161621,-0.0292592905461788,0.9994096159934998,0.5498193502426147,0.5285193920135498,0.0221533495932817,0.8626871705055237,0.4375322759151459,0.6940430402755737,-0.0503013357520103,0.9697151184082032,0.5052081942558289,0.5397669672966003,0.3724153339862823,0.7729061245918274,0.4466709494590759,0.8517772555351257,0.0860775858163833,0.961667776107788,0.4917814433574676,0.5278164148330688,0.4086035788059234,0.7482559680938721,0.4528514742851257,0.8658573031425476,0.0970038622617721,0.8754079341888428,0.5126040577888489,0.5741156935691833,0.4025114476680755,0.7964636087417603,0.4446230232715606,0.912831723690033,-0.0010512686567381,0.9414644241333008,13
219,0.4302229285240173,0.2496797889471054,-0.2261973917484283,0.9999141097068788,0.4299000203609466,0.2365713119506836,-0.207460269331932,0.9998015761375428,0.4297761023044586,0.2369581013917923,-0.2074256092309951,0.999735951423645,0.4294889867305755,0.2373200058937072,-0.2074432969093322,0.9997411370277404,0.4270208775997162,0.2358243614435196,-0.2268903404474258,0.9998608827590942,0.4247641265392303,0.235492393374443,-0.2269231975078582,0.9998544454574584,0.4220317006111145,0.2351596802473068,-0.2269488126039505,0.999841332435608,0.4212675392627716,0.2425662577152252,-0.0947843790054321,0.9995351433753968,0.4086221158504486,0.2396333813667297,-0.1900667250156402,0.9998349547386168,0.4265974760055542,0.2664408981800079,-0.18267622590065,0.9997992515563964,0.4225400984287262,0.2659284174442291,-0.2098766267299652,0.9998685121536256,0.4374679923057556,0.3051320612430572,-0.0220531839877367,0.9997440576553344,0.3644482791423797,0.3055095672607422,-0.1603760123252868,0.9999018311500548,0.4795524775981903,0.3713872730731964,0.0169952493160963,0.7457528710365295,0.3156411349773407,0.3160772919654846,-0.3289827406406402,0.995615303516388,0.5248818397521973,0.417904645204544,-0.0718567594885826,0.859977126121521,0.3682098984718323,0.2498482912778854,-0.4654963314533233,0.9910253286361694,0.5354130268096924,0.4307643175125122,-0.0832493379712104,0.8345510959625244,0.3788372278213501,0.2317551970481872,-0.5041735768318176,0.9743354320526124,0.5398160815238953,0.4267188906669616,-0.104203350841999,0.8401257395744324,0.383597195148468,0.2341045588254928,-0.4914746880531311,0.97149395942688,0.5360179543495178,0.4240583777427673,-0.0846677273511886,0.8384280800819397,0.3794000744819641,0.2440696656703949,-0.4638528525829315,0.957676112651825,0.4606784880161285,0.4766307175159454,0.0331173054873943,0.9990280866622924,0.4285442233085632,0.5267418026924133,-0.0330153219401836,0.9994682669639589,0.5232717394828796,0.4721258282661438,0.1831079274415969,0.8693804144859314,0.4388259351253509,0.6918448209762573,-0.0553885921835899,0.971649408340454,0.5847073793411255,0.4883697926998138,0.3794641196727752,0.7792249917984009,0.4481509625911712,0.8501013517379761,0.0353957042098045,0.964653253555298,0.5896278023719788,0.4928708672523498,0.3969351947307586,0.7551164627075195,0.4556739032268524,0.8648667335510254,0.036118809133768,0.8828806281089783,0.6103894114494324,0.4660696983337402,0.3546541035175323,0.7999967336654663,0.4418925940990448,0.9139530062675476,-0.0793486610054969,0.9453654885292052,13
220,0.4370230734348297,0.2597925364971161,-0.2121956199407577,0.9999209642410278,0.4368594884872436,0.2473149001598358,-0.1923477500677108,0.9998169541358948,0.4369125962257385,0.2477757483720779,-0.1923402845859527,0.999755859375,0.4368298947811126,0.2482313364744186,-0.1923766434192657,0.9997596144676208,0.4338371157646179,0.2458587139844894,-0.2109726071357727,0.9998714923858644,0.4316893517971039,0.2452423423528671,-0.2109858840703964,0.9998647570610046,0.42912557721138,0.244611382484436,-0.2109861969947815,0.99985271692276,0.4277536273002624,0.2524760365486145,-0.0818908289074897,0.999573051929474,0.4145342409610748,0.2477782964706421,-0.1718661040067672,0.999847650527954,0.4339622557163238,0.2743251025676727,-0.1692430227994918,0.9998154044151306,0.429416686296463,0.2740448415279388,-0.1943822354078292,0.9998798370361328,0.4403291046619415,0.3128438293933868,-0.0123734073713421,0.999765157699585,0.3700881898403168,0.2951719164848327,-0.14857979118824,0.999911606311798,0.4791283905506134,0.3979091048240661,0.0036826275754719,0.7397863864898682,0.3268932700157165,0.3163677453994751,-0.3006858229637146,0.9954994916915894,0.5031687021255493,0.4277114570140838,-0.0920452624559402,0.8482909202575684,0.3759260773658752,0.2523771226406097,-0.4199201762676239,0.9896650910377502,0.5070666670799255,0.4402831196784973,-0.1121248453855514,0.8167868256568909,0.3843020796775818,0.2345762699842453,-0.4568848311901092,0.96844083070755,0.5079756379127502,0.436120331287384,-0.1364611536264419,0.8243069052696228,0.387959748506546,0.2371644824743271,-0.447148859500885,0.9651585817337036,0.5072059035301208,0.4313332736492157,-0.1050486043095588,0.8222953677177429,0.385470986366272,0.2467848360538482,-0.4196899533271789,0.9503960609436036,0.4628534018993377,0.4674725234508514,0.0351215787231922,0.99910569190979,0.432718962430954,0.5181605815887451,-0.0350618958473205,0.9995208382606506,0.5226560235023499,0.4547491371631622,0.1182728633284568,0.8774145245552063,0.4431649148464203,0.6851834058761597,-0.0616111643612384,0.9734846353530884,0.59553462266922,0.4673931896686554,0.2805379033088684,0.7919608354568481,0.4502458572387695,0.8474339842796326,-0.0090646585449576,0.9675850868225098,0.6009229421615601,0.4742030501365661,0.3092856705188751,0.7669768929481506,0.4569415152072906,0.8640106916427612,-0.0090669663622975,0.8904292583465576,0.6316484808921814,0.4230742156505584,0.2600452899932861,0.8091205954551697,0.4435636699199676,0.914343237876892,-0.1157639548182487,0.949158251285553,13
221,0.4387519955635071,0.2667945921421051,-0.2019021213054657,0.9999282360076904,0.4397584199905395,0.2546590268611908,-0.1841418445110321,0.9998338222503662,0.4402112364768982,0.2547381520271301,-0.184050977230072,0.9997780323028564,0.4405468106269836,0.2548469603061676,-0.1840505301952362,0.9997807145118712,0.4354243278503418,0.2525539398193359,-0.1997878551483154,0.9998834133148192,0.4327391386032104,0.2512306869029999,-0.1998440474271774,0.9998772144317628,0.4298039078712463,0.2499304860830307,-0.1998776495456695,0.9998663067817688,0.4336276650428772,0.2565126419067383,-0.068979687988758,0.9996116161346436,0.416984349489212,0.2512845993041992,-0.1521955579519271,0.9998617172241212,0.4361690282821655,0.2792706191539764,-0.1563881337642669,0.999829113483429,0.4294776916503906,0.277347207069397,-0.180450290441513,0.9998903274536132,0.4402888119220733,0.3136550784111023,-0.001451261807233,0.9997838139533995,0.3786717355251312,0.2906369566917419,-0.1184882819652557,0.9999204277992249,0.4684511423110962,0.4078267216682434,0.0513387806713581,0.7103064060211182,0.3376488983631134,0.3165185749530792,-0.2623022496700287,0.9946738481521606,0.4922512471675873,0.4461555480957031,0.0130912102758884,0.8123758435249329,0.3846334218978882,0.2555788159370422,-0.3773791193962097,0.9852175116539,0.499568372964859,0.4589085578918457,0.0025026528164744,0.7766060829162598,0.3949806988239288,0.2376216500997543,-0.4111272990703583,0.9555202722549438,0.4990896582603454,0.4551528394222259,-0.0211706031113863,0.7854119539260864,0.3995214998722076,0.239189937710762,-0.3978185951709747,0.951741099357605,0.4953557252883911,0.451497346162796,0.0025338043924421,0.7829288244247437,0.3963104486465454,0.2471487522125244,-0.3750399649143219,0.9343108534812928,0.4656867682933807,0.4622597396373749,0.0351431965827941,0.9991801381111144,0.43514484167099,0.5099400281906128,-0.0351309701800346,0.999568521976471,0.528620719909668,0.4686918258666992,0.1903284937143325,0.8833185434341431,0.4478227496147156,0.655714750289917,-0.0902378559112548,0.9755367636680604,0.595632791519165,0.4688544869422912,0.3610197901725769,0.803516685962677,0.4527815878391266,0.8275315165519714,-0.0774810537695884,0.9703734517097472,0.6036379933357239,0.4745565354824066,0.3768648505210876,0.774221658706665,0.4611296355724334,0.8494921922683716,-0.080245055258274,0.8978101015090942,0.6285231113433838,0.4419721364974975,0.3379854261875152,0.8178770542144775,0.4463269412517547,0.9116612076759338,-0.1837421357631683,0.9529884457588196,13
222,0.4400811195373535,0.2688493132591247,-0.2390375584363937,0.9999332427978516,0.4433126151561737,0.255496084690094,-0.2172872275114059,0.9998432397842408,0.4439787268638611,0.2554172873497009,-0.2171836346387863,0.9997879266738892,0.4445343017578125,0.2553929388523102,-0.2171611338853836,0.9997826218605042,0.4386863112449646,0.2535088658332824,-0.2369578778743744,0.999893069267273,0.4359908401966095,0.2520680129528045,-0.2370157390832901,0.9998877048492432,0.4330973923206329,0.2506559789180755,-0.2371257245540619,0.999878227710724,0.438126266002655,0.2567366659641266,-0.0973462387919426,0.999622881412506,0.4214383661746979,0.2516336739063263,-0.1917524933815002,0.9998733401298524,0.4370879232883453,0.2808815240859985,-0.1938155144453048,0.999794900417328,0.4303840696811676,0.2779668867588043,-0.221707209944725,0.9998942613601683,0.4388573467731476,0.3126218616962433,-0.0123145300894975,0.9997130632400512,0.3844791948795318,0.2928027808666229,-0.16732819378376,0.9999281764030457,0.4687902331352234,0.3626507222652435,0.1169197484850883,0.6853110194206238,0.3507007360458374,0.3199031949043274,-0.2741767168045044,0.9946765303611756,0.4703204929828644,0.3634571433067322,0.1973459422588348,0.7654567360877991,0.4004574418067932,0.2567001283168793,-0.3295503556728363,0.984451413154602,0.4708453416824341,0.3697223663330078,0.2066700607538223,0.7212786674499512,0.4088371098041534,0.2392729073762893,-0.3557804524898529,0.951169729232788,0.4664130210876465,0.3631837666034698,0.197571650147438,0.7292475700378418,0.4120038151741028,0.2432402670383453,-0.3469121754169464,0.947737157344818,0.466337114572525,0.3607811629772186,0.1955077797174453,0.7274697422981262,0.4099206626415252,0.2491834610700607,-0.3262703716754913,0.9280222654342652,0.4625387191772461,0.4654741883277893,0.035938024520874,0.9992226362228394,0.4341462850570678,0.5104538202285767,-0.0359265282750129,0.99961119890213,0.5293928980827332,0.4789327681064605,0.230717197060585,0.8886502385139465,0.4490054249763489,0.6450226902961731,-0.0945904031395912,0.977092146873474,0.5952090620994568,0.4829700589179992,0.4306000769138336,0.8144186735153198,0.4554432034492492,0.8174505829811096,-0.0931222364306449,0.9728588461875916,0.6062127351760864,0.4839314222335815,0.4488507211208343,0.7831049561500549,0.4635536074638366,0.8431916832923889,-0.0974221155047416,0.9049376845359802,0.6188008189201355,0.46073779463768,0.4076470732688904,0.8284936547279358,0.4500821530818939,0.8880683779716492,-0.2023751884698867,0.9565591812133788,13
223,0.4418484568595886,0.26837819814682,-0.2259145230054855,0.999930739402771,0.4460471272468567,0.2548356354236603,-0.1957142800092697,0.9998348355293274,0.4468863308429718,0.2547599971294403,-0.1956105530261993,0.9997743368148804,0.4476311504840851,0.254741370677948,-0.1955785602331161,0.9997578263282776,0.4412913918495178,0.2531004846096039,-0.2197841852903366,0.9998924732208252,0.4386064708232879,0.2519078254699707,-0.2198614627122879,0.9998871088027954,0.4356034100055694,0.2504636347293854,-0.220045804977417,0.9998789429664612,0.4426104426383972,0.2563163638114929,-0.0672279447317123,0.9995808005332948,0.4246063530445099,0.2500408291816711,-0.1729228347539901,0.9998690485954284,0.4390705823898315,0.2805199921131134,-0.1727765053510666,0.9996942281723022,0.4326916038990021,0.2778323888778686,-0.2084376811981201,0.9998707175254822,0.4388230144977569,0.3125954270362854,0.0198626238852739,0.9995144009590148,0.3879064321517944,0.2943946421146393,-0.1572723388671875,0.9999346733093262,0.4626340270042419,0.4024548232555389,0.1084807142615318,0.6272891759872437,0.3660702705383301,0.320773184299469,-0.2826349437236786,0.9942768216133118,0.4736704230308532,0.4501813948154449,0.1292175501585006,0.6982489228248596,0.4119787216186523,0.2576819956302643,-0.3557747900485992,0.9833364486694336,0.4827618300914764,0.4745898246765136,0.1342803686857223,0.6574466824531555,0.4199059307575226,0.2397668659687042,-0.3891313374042511,0.948261022567749,0.4761129319667816,0.4600448608398437,0.113784909248352,0.6647959351539612,0.4214614629745483,0.2439121603965759,-0.3862952291965484,0.944654643535614,0.4753201901912689,0.456298291683197,0.1217198744416236,0.6640580892562866,0.4189662039279938,0.2505107223987579,-0.3609748184680938,0.9220144152641296,0.4625681936740875,0.4701095819473266,0.0379293523728847,0.9992613196372986,0.4342421889305115,0.5140330791473389,-0.0379006527364254,0.9996484518051147,0.5223983526229858,0.4814284145832062,0.0742782801389694,0.8968914747238159,0.4498435854911804,0.6578335165977478,-0.0796995311975479,0.9783868789672852,0.5933425426483154,0.507513701915741,0.1628807932138443,0.8284976482391357,0.4553982019424438,0.8233348727226257,-0.0508844703435897,0.9747567772865297,0.6020409464836121,0.5163497924804688,0.1700794249773025,0.7991281151771545,0.4635836482048034,0.8466052412986755,-0.0500281900167465,0.9085763096809388,0.6137466430664062,0.4866722524166107,0.1056321859359741,0.8411742448806763,0.4514038264751434,0.8912640810012817,-0.153406411409378,0.9584869146347046,13
224,0.4487281739711761,0.268039345741272,-0.096712090075016,0.999877631664276,0.4519389569759369,0.2543130218982696,-0.0807802900671958,0.9997227787971495,0.4519101083278656,0.2541198432445526,-0.0807445496320724,0.9996293187141418,0.4517870247364044,0.2540085315704345,-0.0807589739561081,0.9996047616004944,0.4493813812732696,0.2524415850639343,-0.1111161187291145,0.9998283386230468,0.4474566578865051,0.2510310113430023,-0.1111276969313621,0.9998109936714172,0.4452535212039947,0.249442920088768,-0.1111891344189643,0.9997960925102234,0.4439034759998321,0.2550735473632812,0.0011659858282655,0.9994231462478638,0.4336371123790741,0.2472188025712967,-0.1400177180767059,0.9997535347938538,0.4439692795276642,0.2800877392292022,-0.0637800171971321,0.9994115233421326,0.4402572512626648,0.2775896489620209,-0.1051360294222831,0.9996672868728638,0.4383721053600311,0.3115127682685852,0.0712163224816322,0.9993628859519958,0.3919620215892792,0.2958764135837555,-0.1671831905841827,0.9999381303787231,0.4536371529102325,0.399198979139328,0.1748748123645782,0.5788302421569824,0.3879242539405823,0.3222517371177673,-0.2851717174053192,0.9939388632774352,0.4768873453140259,0.4363244771957397,0.1989314705133438,0.6467680931091309,0.4273701012134552,0.2512025535106659,-0.3295675814151764,0.9827528595924376,0.4856810569763183,0.4531211256980896,0.209308460354805,0.6079317927360535,0.4359213709831238,0.2307342737913131,-0.356776088476181,0.9480240941047668,0.4831040501594543,0.4462623000144958,0.1846839934587478,0.6158234477043152,0.4363807141780853,0.2315758913755417,-0.3422125875949859,0.9445151686668396,0.4795131981372833,0.4410032629966736,0.1894178092479705,0.616891086101532,0.4343694150447845,0.2384931147098541,-0.3239701390266418,0.9194429516792296,0.4672703146934509,0.4713249504566192,0.0505769178271293,0.9992761015892028,0.4388913810253143,0.5156005024909973,-0.0504669174551963,0.9996787309646606,0.5244649052619934,0.4802729189395904,0.0553964935243129,0.9041777849197388,0.451698750257492,0.6631378531455994,-0.0742318928241729,0.9797516465187072,0.5877595543861389,0.5234573483467102,0.1422252506017685,0.8394486308097839,0.4563254714012146,0.8240609765052795,-0.0407028570771217,0.9767237305641174,0.5972078442573547,0.5396754145622253,0.1484101414680481,0.813035786151886,0.464493453502655,0.8477794528007507,-0.0414779596030712,0.9144937992095948,0.6103753447532654,0.5017050504684448,0.0910871550440788,0.8504289388656616,0.4519360363483429,0.8904851078987122,-0.1409468948841095,0.9608842730522156,13
225,0.4475050568580627,0.2646293044090271,-0.1419837325811386,0.9998167157173156,0.4510026574134826,0.2503600418567657,-0.1284188777208328,0.999628484249115,0.4507976770401001,0.2499574124813079,-0.1283917725086212,0.9995001554489136,0.4504673779010772,0.2495238482952118,-0.1284236460924148,0.9994789361953736,0.4495711624622345,0.2486675381660461,-0.1571422517299652,0.9997808337211608,0.4484598338603973,0.2473584711551666,-0.157171830534935,0.9997664093971252,0.44720458984375,0.2460238635540008,-0.1572243869304657,0.9997518658638,0.4422689974308014,0.2491483092308044,-0.0123947514221072,0.9993481636047364,0.4381664991378784,0.2443242073059082,-0.2079871743917465,0.9996943473815918,0.4426921010017395,0.2753604650497436,-0.1074704378843307,0.9992154240608216,0.4402576684951782,0.2732152938842773,-0.1449176222085952,0.9995450973510742,0.433474451303482,0.3010160326957702,0.0407998748123645,0.9990746974945068,0.3971747756004333,0.2965760231018066,-0.2408566176891327,0.9999043345451356,0.4516160786151886,0.3472848534584045,0.1891157329082489,0.5297648906707764,0.4037000834941864,0.3090184032917022,-0.3798578381538391,0.991351842880249,0.4701246917247772,0.3516808748245239,0.2621383368968963,0.594379186630249,0.4358126819133758,0.2391304075717926,-0.4369148910045624,0.9791911244392396,0.4760184288024902,0.3602431416511535,0.2766196429729461,0.5599491596221924,0.4452109038829803,0.2194973230361938,-0.4726317226886749,0.9438863396644592,0.4736471176147461,0.3495533466339111,0.253322958946228,0.5679603815078735,0.4399510622024536,0.220896914601326,-0.4600820243358612,0.9400749802589417,0.4719146192073822,0.3445465564727783,0.253993421792984,0.5700151324272156,0.4377015233039856,0.228838175535202,-0.4328690469264984,0.909792959690094,0.4709569215774536,0.4731131792068481,0.0642108246684074,0.9992090463638306,0.4410855174064636,0.5194355249404907,-0.0641220584511756,0.999674379825592,0.5561304092407227,0.5162445306777954,0.1044408231973648,0.9119205474853516,0.4519229233264923,0.6718757748603821,-0.0727990940213203,0.9807631969451904,0.588778555393219,0.5919599533081055,0.3185592293739319,0.85040682554245,0.4556609988212585,0.8321678638458252,0.0449047237634658,0.9785854816436768,0.5800862908363342,0.5968450307846069,0.3373219668865204,0.8221194744110107,0.462000161409378,0.8505009412765503,0.0537871234118938,0.916920840740204,0.6136541366577148,0.6157881617546082,0.2912861406803131,0.8575307130813599,0.4536379873752594,0.894054651260376,-0.0446900054812431,0.9630311131477356,13
226,0.4506113827228546,0.2644008994102478,-0.0865670144557952,0.9997553825378418,0.4537571668624878,0.2503144741058349,-0.0702177435159683,0.9995518922805786,0.4537171721458435,0.2499292939901352,-0.0702286586165428,0.999366819858551,0.4536798596382141,0.2494991421699524,-0.0703057870268821,0.9993671774864196,0.4523537456989288,0.2485880255699157,-0.1001278832554817,0.999738335609436,0.4513536393642425,0.2472929209470749,-0.10013297945261,0.9997205138206482,0.4502538740634918,0.245955541729927,-0.1001989990472793,0.9997129440307616,0.4455819129943847,0.2492386698722839,0.0159962680190801,0.9993191957473756,0.4397028088569641,0.2443130165338516,-0.1265031993389129,0.9996631145477296,0.4462784230709076,0.2745454013347626,-0.0527823083102703,0.999136745929718,0.4443696439266205,0.2727141678333282,-0.0926765874028205,0.9995079636573792,0.4342522025108337,0.301639974117279,0.0727952197194099,0.9989279508590698,0.3975030183792114,0.3039836883544922,-0.1978565603494644,0.999880850315094,0.455115258693695,0.3404367566108703,0.1928994059562683,0.5018073916435242,0.4172428548336029,0.3132418692111969,-0.3357757031917572,0.9915253520011902,0.4751136898994446,0.3149412870407104,0.2408585399389267,0.5835028290748596,0.447306364774704,0.240694060921669,-0.4095699489116668,0.9806274771690368,0.482519268989563,0.3122017085552215,0.2472568899393081,0.5495184063911438,0.4524176716804504,0.2196012139320373,-0.4422872364521026,0.9478106498718262,0.4800422489643097,0.3033517003059387,0.2283592671155929,0.5575209259986877,0.4496690630912781,0.2180060148239135,-0.4342646598815918,0.9442225098609924,0.477369099855423,0.3029444217681885,0.2330182045698166,0.5619240999221802,0.4480123221874237,0.226138100028038,-0.4067617058753967,0.9152753949165344,0.4746330976486206,0.4856084883213043,0.058218277990818,0.9992178678512572,0.4419544637203216,0.5224869847297668,-0.0581097789108753,0.9996660351753236,0.5561538338661194,0.550687313079834,-0.0160032957792282,0.919580578804016,0.4508322775363922,0.6905595660209656,-0.0846767276525497,0.9802470207214355,0.5872650146484375,0.6510497331619263,0.2164867669343948,0.848096489906311,0.4555884599685669,0.8443225622177124,0.0214738920331001,0.9785836935043336,0.54900723695755,0.6670995354652405,0.2391915768384933,0.821459949016571,0.4624325037002563,0.8622199892997742,0.0290098171681165,0.9109033346176147,0.5866554975509644,0.6854538321495056,0.2091384530067443,0.8487465977668762,0.4536500573158264,0.9001681208610535,-0.0638555362820625,0.960639476776123,13
227,0.4538612067699432,0.2567841112613678,-0.0865493938326835,0.9997604489326476,0.4577141106128692,0.2450156062841415,-0.0692890956997871,0.9995725750923156,0.4586876034736633,0.2458477765321731,-0.069312572479248,0.9993945360183716,0.4596111178398132,0.2464879304170608,-0.0693489834666252,0.9993976950645448,0.4532645344734192,0.2410209327936172,-0.0945435240864753,0.9997422695159912,0.4511726200580597,0.2393141835927963,-0.0945234149694442,0.999719738960266,0.4489735066890716,0.2373701333999633,-0.0945454686880111,0.9997143745422364,0.4536475241184234,0.2487273067235946,0.0236369892954826,0.9993535876274108,0.4383600056171417,0.2369740605354309,-0.091549627482891,0.9996665716171264,0.4516492486000061,0.2691479325294494,-0.0498829409480094,0.9991971254348756,0.4464476704597473,0.2653169631958008,-0.0833351537585258,0.9995396137237548,0.4507991671562195,0.302190214395523,0.0645339041948318,0.9989193677902222,0.3976821601390838,0.3039979636669159,-0.1111131459474563,0.9998797178268432,0.4703935384750366,0.3499640524387359,0.0018379956018179,0.5091762542724609,0.4343823790550232,0.3380091488361358,-0.2128496915102005,0.9912165999412536,0.4779644012451172,0.3143882155418396,-0.1681728214025497,0.5949811935424805,0.4600095748901367,0.244807630777359,-0.2310851216316223,0.9816409349441528,0.4837620854377746,0.2931947410106659,-0.1990891247987747,0.5581033229827881,0.4635878503322601,0.2212488949298858,-0.2526522278785705,0.9504286646842957,0.4802159965038299,0.2835778594017029,-0.2003838270902633,0.5648526549339294,0.4583273231983185,0.2231599986553192,-0.2442947328090667,0.946913242340088,0.4791642725467682,0.2907423079013824,-0.1754338592290878,0.5703669190406799,0.456954687833786,0.2314649671316146,-0.2271068543195724,0.9188685417175292,0.4767075479030609,0.4974974393844604,0.0464018993079662,0.9992750883102416,0.4411800801753998,0.526360034942627,-0.0463137701153755,0.9996809363365172,0.5478452444076538,0.5743492245674133,-0.053222469985485,0.9273765683174132,0.4511637091636657,0.7002898454666138,-0.0707242488861084,0.9818066954612732,0.5474463105201721,0.6824638843536377,0.1862017214298248,0.860005795955658,0.4548093974590301,0.8436784148216248,0.0895968452095985,0.979964315891266,0.5277189016342163,0.6969637274742126,0.2097859382629394,0.8301748633384705,0.4610287845134735,0.8618994355201721,0.1028654053807258,0.9099089503288268,0.5599597096443176,0.7502915263175964,0.1647212356328964,0.859170138835907,0.4533723890781402,0.9027621150016784,0.0136417057365179,0.9626942276954652,13
228,0.4585753679275512,0.2553721666336059,-0.0914295837283134,0.999698042869568,0.4596758782863617,0.2424388974905014,-0.0748178139328956,0.9994953870773317,0.4598809480667114,0.2431022673845291,-0.0748448446393013,0.9992777109146118,0.4600204825401306,0.2435915619134903,-0.0749045461416244,0.9993022084236144,0.4570856690406799,0.2391311675310135,-0.1028749942779541,0.9996888041496276,0.4555276036262512,0.2376443594694137,-0.1028582006692886,0.9996581077575684,0.4538760781288147,0.2359836250543594,-0.1028942316770553,0.9996579885482788,0.4527096152305603,0.244669422507286,0.0147129017859697,0.9992780089378356,0.4439267516136169,0.2356022745370865,-0.1113921850919723,0.999621033668518,0.4546915888786316,0.2669337093830108,-0.0557915531098842,0.999139368534088,0.4519915878772735,0.2639705538749695,-0.0927685052156448,0.9995166063308716,0.4515500366687774,0.302756518125534,0.0692962855100631,0.9982293844223022,0.4021362960338592,0.3046625852584839,-0.1237674877047538,0.9998310804367064,0.4693858921527862,0.3408912122249603,0.0580585151910781,0.476331502199173,0.4453372061252594,0.3373104929924011,-0.2579129040241241,0.990543007850647,0.4791750311851501,0.2753990888595581,-0.0283789951354265,0.5633341670036316,0.4638994336128235,0.2451434135437011,-0.2753660380840301,0.9813471436500548,0.4833175241947174,0.2456343472003936,-0.0429825820028781,0.5328690409660339,0.4693702459335327,0.2227460592985153,-0.2995520234107971,0.9506966471672058,0.4808836579322815,0.2358530014753341,-0.0516721606254577,0.5392365455627441,0.4648166596889496,0.22525455057621,-0.2924898266792297,0.9471917748451232,0.4815143048763275,0.2565657496452331,-0.03686348721385,0.5467799305915833,0.4636693596839905,0.2342419773340225,-0.272346019744873,0.9186872839927672,0.4741366505622864,0.5122560858726501,0.0513263195753097,0.999280035495758,0.4410146176815033,0.5316568613052368,-0.0512010417878627,0.9996492862701416,0.5413662791252136,0.5990747809410095,-0.0364077724516391,0.9340099692344666,0.4532234072685241,0.7051995992660522,-0.0644608065485954,0.982639491558075,0.514115035533905,0.7141852974891663,0.1492117494344711,0.8680930137634277,0.4561862051486969,0.8504589796066284,0.0709477812051773,0.9810369610786438,0.4934770762920379,0.7220016121864319,0.1667193919420242,0.8358204960823059,0.4598919749259949,0.8673884868621826,0.0809367597103118,0.910808563232422,0.527599573135376,0.7774885892868042,0.1239549741148948,0.8661962747573853,0.4560126066207886,0.9070775508880616,-0.0062141004018485,0.9642489552497864,13
229,0.4597192406654358,0.2555614709854126,-0.0305044222623109,0.99970805644989,0.4592852592468261,0.242379754781723,-0.0200741831213235,0.9995218515396118,0.4589561223983764,0.2427708953619003,-0.0200732704252004,0.999312698841095,0.4586307108402252,0.2430473119020462,-0.0201114695519208,0.999347686767578,0.4584975838661194,0.2396060526371002,-0.0503954328596591,0.999707579612732,0.4575864672660827,0.2382197380065918,-0.0503861755132675,0.9996783137321472,0.4565908014774322,0.2366918623447418,-0.0503994077444076,0.9996819496154784,0.4509280920028686,0.2434688955545425,0.0373288318514823,0.999325394630432,0.4468164145946502,0.2363361567258834,-0.0981869846582412,0.9996379613876344,0.4548328518867492,0.266600489616394,-0.005926860962063,0.9991677403450012,0.4542993009090423,0.2642005681991577,-0.0455431602895259,0.999512791633606,0.4265514016151428,0.3029439151287079,0.1292289942502975,0.9981689453125,0.4191555380821228,0.3074366450309753,-0.136803388595581,0.9998036026954652,0.4481816291809082,0.3474442660808563,0.2950095534324646,0.4324348568916321,0.4642659425735473,0.3482633233070373,-0.2441460341215133,0.9888262152671814,0.4707925617694855,0.3039882183074951,0.3969533145427704,0.5189744234085083,0.4749317169189453,0.2615735530853271,-0.2515990138053894,0.980894923210144,0.4763302206993103,0.293218582868576,0.4244353175163269,0.4970154464244842,0.4775334596633911,0.2433245033025741,-0.2702935636043548,0.9526342153549194,0.4765650928020477,0.2850629985332489,0.4064512550830841,0.503479540348053,0.4729624092578888,0.2289842814207077,-0.2627147436141968,0.949373185634613,0.4757778942584991,0.2904040217399597,0.3913961052894592,0.5110415816307068,0.4716715216636657,0.2364675551652908,-0.2471702396869659,0.9207781553268432,0.4643453359603882,0.5270641446113586,0.0791281759738922,0.9992728233337402,0.449124813079834,0.5338216423988342,-0.0791037008166313,0.9995707273483276,0.5054032802581787,0.6432462334632874,0.0054458817467093,0.9262782335281372,0.48294597864151,0.6876286864280701,-0.0644364133477211,0.9747379422187804,0.463697224855423,0.7915576100349426,0.0689883902668953,0.8667579889297485,0.4727807641029358,0.834210991859436,-0.0013015869772061,0.9792161583900452,0.4492949247360229,0.8076702952384949,0.0720321387052536,0.8367003798484802,0.4644485116004944,0.8585096001625061,0.0024480666033923,0.9119822978973388,0.4781680107116699,0.8476951718330383,0.0304552447050809,0.868998110294342,0.4971111416816711,0.8675888776779175,-0.0408716015517711,0.9637105464935304,13
230,0.4668513834476471,0.2610601782798767,-0.0437855385243892,0.9995935559272766,0.4662593603134155,0.2471909672021865,-0.0345893688499927,0.9993807077407836,0.465628057718277,0.247028186917305,-0.0345962569117546,0.9991137385368348,0.4649080336093902,0.2467347383499145,-0.0346184857189655,0.9992259740829468,0.4654963612556457,0.2452800571918487,-0.0652782395482063,0.9996123909950256,0.4642884433269501,0.2438094466924667,-0.0652633085846901,0.9995697140693665,0.4628846943378448,0.2420559376478195,-0.0652666091918945,0.999602437019348,0.4550420045852661,0.244545429944992,0.0191985052078962,0.9990946650505066,0.450980395078659,0.2393892407417297,-0.1145893037319183,0.999491810798645,0.4610108435153961,0.2702847421169281,-0.0203138701617717,0.9988589882850648,0.4604490399360657,0.2690028548240661,-0.0602161735296249,0.9991652965545654,0.4280875921249389,0.3076924085617065,0.1065971031785011,0.9977763295173644,0.4254269003868103,0.3153480887413025,-0.1602939218282699,0.99967622756958,0.450219988822937,0.3507075607776642,0.234408438205719,0.3954427242279053,0.4779960215091705,0.3600880801677704,-0.1589885801076889,0.9859779477119446,0.473768800497055,0.3060392737388611,0.2805164158344269,0.4813357889652252,0.4799183309078216,0.2724707722663879,-0.0362750962376594,0.9784255623817444,0.4752212762832641,0.2746645212173462,0.2956872582435608,0.4648975729942322,0.4808915257453918,0.2499021142721176,-0.0383543223142623,0.9513068199157716,0.4789048433303833,0.2880792617797851,0.2819065749645233,0.4716541469097137,0.4742445051670074,0.2439953833818435,-0.0392938889563083,0.948370397090912,0.4776591062545776,0.2921179234981537,0.2741647958755493,0.4796817898750305,0.47262904047966,0.2529513537883758,-0.032167162746191,0.919184684753418,0.4618878662586212,0.5351210236549377,0.0761118084192276,0.9989817142486572,0.44983771443367,0.5416026711463928,-0.0760317966341972,0.9991669654846193,0.4844990968704223,0.6704492568969727,0.1029722392559051,0.903161346912384,0.4718436598777771,0.7013660669326782,-0.0216825660318136,0.9571059346199036,0.4551241993904114,0.8078047037124634,0.1540750116109848,0.846926212310791,0.4663154780864715,0.8471546173095703,0.0455347821116447,0.9722799062728882,0.4437031149864197,0.8253140449523926,0.1668004542589187,0.8211698532104492,0.4599732756614685,0.8707075715065002,0.0504591427743434,0.908740758895874,0.4689036607742309,0.8499357104301453,0.1216167584061622,0.8582684993743896,0.4779291749000549,0.8694140911102295,-0.0006285723065957,0.9585249423980712,13
231,0.4718170762062073,0.274793803691864,-0.0384917594492435,0.9989739656448364,0.4711324572563171,0.259524941444397,-0.0297159850597381,0.9985882639884948,0.4701401889324188,0.2585246860980987,-0.0297267939895391,0.9981349110603333,0.4689542949199676,0.2573499679565429,-0.0297367665916681,0.9985172748565674,0.4711350798606872,0.2595489025115967,-0.0620216950774192,0.9989930987358092,0.4702419638633728,0.2586319744586944,-0.0620190575718879,0.9989626407623292,0.4691366255283355,0.2574596405029297,-0.0620251484215259,0.9990556240081788,0.4579706788063049,0.2517030537128448,0.0202678479254245,0.9978426098823548,0.4575097262859344,0.2520007491111755,-0.1203463375568389,0.9987411499023438,0.4651635587215423,0.2825033068656921,-0.0161304417997598,0.997507095336914,0.4658273756504059,0.2828979790210724,-0.0582228899002075,0.997614562511444,0.4289275407791137,0.3129651546478271,0.1104748472571373,0.9974385499954224,0.4312067329883575,0.3279538750648498,-0.1771106719970703,0.999514639377594,0.4562428593635559,0.3428831100463867,0.220348909497261,0.3619027733802795,0.4877614378929138,0.3716013431549072,-0.177943080663681,0.9822117686271667,0.4748005867004394,0.293087363243103,0.2510088384151459,0.4421120882034302,0.4804519414901733,0.2861917912960052,-0.064362071454525,0.9730476140975952,0.4765438735485077,0.2780190110206604,0.2632044851779938,0.4288079738616943,0.4804283082485199,0.2631973326206207,-0.0697890147566795,0.9460897445678712,0.4782165884971618,0.2761762738227844,0.2521106302738189,0.4352463483810425,0.4708446562290191,0.260621428489685,-0.0721833929419517,0.9434536695480348,0.4774330854415893,0.2805830538272857,0.2450509667396545,0.4439026117324829,0.4707771837711334,0.2719186544418335,-0.0614380948245525,0.9123513102531432,0.4571943581104278,0.541843831539154,0.0887150019407272,0.9986655116081238,0.4516663253307342,0.5499025583267212,-0.0886779800057411,0.9987471103668212,0.4757622480392456,0.6873772144317627,0.1644333451986313,0.8595677018165588,0.4701462984085083,0.7092849016189575,-0.0415557995438575,0.944328784942627,0.453559935092926,0.825246274471283,0.2624091207981109,0.8181951642036438,0.4639745354652405,0.854140043258667,0.0206483025103807,0.9677503108978271,0.44349005818367,0.845662534236908,0.2692305445671081,0.8030590415000916,0.4541729986667633,0.8805021047592163,0.0245619136840105,0.9092361927032472,0.4694885015487671,0.8668946027755737,0.2395301312208175,0.8391665816307068,0.4720910489559173,0.8801578283309937,-0.0308790262788534,0.9550336003303528,13
232,0.4712863564491272,0.2738079726696014,-0.0422228090465068,0.9987905621528624,0.4703944027423858,0.258530855178833,-0.0333882793784141,0.9984113574028016,0.4696131646633148,0.2576265037059784,-0.0333958528935909,0.9979220628738404,0.4686635434627533,0.2565520107746124,-0.0333988182246685,0.9983506798744202,0.4697758257389068,0.2582564651966095,-0.0640911161899566,0.9988139867782592,0.4686682522296905,0.2572396099567413,-0.0640796795487403,0.9987608790397644,0.4673504829406738,0.255998820066452,-0.0640690922737121,0.9988861680030824,0.4580517113208771,0.2517834901809692,0.0172310341149568,0.9974817633628844,0.4562612175941467,0.2518022060394287,-0.1203985139727592,0.998547375202179,0.4659455120563507,0.2824030816555023,-0.0196745228022336,0.9970376491546632,0.4657428562641144,0.2825243771076202,-0.0594499185681343,0.9971104264259338,0.4280133247375488,0.3153978884220123,0.1049076989293098,0.9973042607307434,0.4372512698173523,0.3287049531936645,-0.1709651947021484,0.9993858337402344,0.4576976001262665,0.3530992269515991,0.1891667544841766,0.3320626318454742,0.4913636744022369,0.3805707693099975,-0.1450193971395492,0.9800782203674316,0.475531131029129,0.3085690140724182,0.1954225003719329,0.4082276523113251,0.488068014383316,0.2946654260158539,-0.0065525057725608,0.970051407814026,0.4781361818313598,0.2967489957809448,0.2022878974676132,0.3972294926643371,0.4885753989219665,0.2693593800067901,-0.0072133676148951,0.9432551264762878,0.4794683754444122,0.2937264740467071,0.1908163130283355,0.4033074676990509,0.4777494370937347,0.2651867568492889,-0.0092689776793122,0.9409107565879822,0.4783291518688202,0.297707587480545,0.1888208836317062,0.4123545289039612,0.4772267043590545,0.275518000125885,-0.0029966668225824,0.909780502319336,0.4524882137775421,0.5389561057090759,0.0830728784203529,0.9981540441513062,0.4541934728622436,0.54759281873703,-0.0830410942435264,0.9979326128959656,0.469741553068161,0.6803797483444214,0.1480895727872848,0.8281815648078918,0.4689519703388214,0.7056406736373901,-0.0339401215314865,0.9348983764648438,0.4545015692710876,0.8206382989883423,0.2403930723667144,0.8003220558166504,0.4622292220592499,0.8463967442512512,0.0358252488076686,0.9622734785079956,0.4453705847263336,0.8430677056312561,0.246659904718399,0.792011022567749,0.448859304189682,0.8769145607948303,0.0413107387721538,0.9072537422180176,0.4704010784626007,0.8613007068634033,0.2140064984560012,0.8290039896965027,0.468720018863678,0.8838312029838562,-0.0064130425453186,0.9507358074188232,13
233,0.475676417350769,0.2725313007831573,-0.0475357696413993,0.9980456829071044,0.4749639630317688,0.2574644088745117,-0.0390952564775943,0.9976091384887696,0.4742150902748108,0.2566725611686706,-0.0391075946390628,0.997077465057373,0.4733473658561706,0.2557839751243591,-0.0390875451266765,0.9975058436393738,0.4743025004863739,0.257114827632904,-0.0687331110239029,0.9978430271148682,0.4731878638267517,0.2560966312885284,-0.0687366425991058,0.997768223285675,0.4719304740428924,0.2548870146274566,-0.0687322318553924,0.9979185461997986,0.4623281359672546,0.2508187890052795,0.0130008002743124,0.996070146560669,0.4604583382606506,0.2511499226093292,-0.1202167198061943,0.9975767731666564,0.4704112708568573,0.281503826379776,-0.0241685155779123,0.9955193400382996,0.4701375067234039,0.2814135551452636,-0.0622635371983051,0.9952447414398192,0.4285803139209747,0.3139103055000305,0.095675379037857,0.9973021745681764,0.4405728280544281,0.325754702091217,-0.1686790883541107,0.9993242025375366,0.4568120539188385,0.3990330100059509,0.156992420554161,0.3015861511230469,0.492824524641037,0.3783604800701141,-0.1269985735416412,0.9791901111602784,0.4760459065437317,0.4379139244556427,0.1071681082248687,0.371448278427124,0.491189569234848,0.2910650670528412,0.0222121346741914,0.9691042304039,0.4810223877429962,0.4504984021186828,0.1062134802341461,0.3627809882164001,0.4928478896617889,0.2658105790615082,0.023327549919486,0.9431723356246948,0.4823918640613556,0.4456503391265869,0.0914378985762596,0.368541806936264,0.4852417707443237,0.2647097706794739,0.0190687645226717,0.9411205053329468,0.4792733490467071,0.440933883190155,0.0978305265307426,0.3775329887866974,0.4832464754581451,0.2748353779315948,0.0254311822354793,0.9109272956848145,0.4521950483322143,0.5380226969718933,0.0781211107969284,0.9973374009132384,0.4539657235145569,0.5458406805992126,-0.0781130269169807,0.9969317317008972,0.470364898443222,0.6804375648498535,0.1443178951740265,0.7922503352165222,0.4686509072780609,0.7034273147583008,-0.0190198943018913,0.91872239112854,0.4591293036937713,0.8186036348342896,0.2346342206001281,0.7803266644477844,0.4612474143505096,0.8427910208702087,0.0641262829303741,0.9508708119392396,0.4461862444877624,0.8416638374328613,0.2403767257928848,0.7800701856613159,0.4473849833011627,0.8749513626098633,0.0707188323140144,0.9012314677238464,0.4721947014331817,0.851318359375,0.2090514004230499,0.8158196210861206,0.4681070148944855,0.8829697370529175,0.023405285552144,0.9413540959358216,13
234,0.4791370630264282,0.268470823764801,-0.0564321614801883,0.997753918170929,0.4781703948974609,0.2536482512950897,-0.0474407859146595,0.9972594380378724,0.4773249328136444,0.252213716506958,-0.0474622435867786,0.9966333508491516,0.4763354063034057,0.2505454123020172,-0.0474705696105957,0.9971404671669006,0.477672278881073,0.2540729939937591,-0.0784441232681274,0.9975218176841736,0.4766067862510681,0.2530770301818847,-0.0784421935677528,0.9974530339241028,0.47540083527565,0.2518306672573089,-0.0784414336085319,0.9976227879524232,0.4653947055339813,0.2434832602739334,0.0107926838099956,0.9953277111053468,0.4635800123214721,0.2457525730133056,-0.1356188952922821,0.9972940683364868,0.4738141894340515,0.2766465544700622,-0.0320773795247077,0.9947580695152284,0.4734239876270294,0.2777329981327057,-0.0721275359392166,0.994355857372284,0.4286768138408661,0.3099657595157623,0.1024583652615547,0.9972363114356996,0.4458978474140167,0.325223445892334,-0.189548060297966,0.9992709159851074,0.4626469016075134,0.374316930770874,0.2053200900554657,0.2762437462806701,0.4952612817287445,0.3759902715682983,-0.1647103875875473,0.9767603874206544,0.4808039367198944,0.3358418643474579,0.2242685109376907,0.3455295860767364,0.4949506819248199,0.287375271320343,-0.0156079242005944,0.9664066433906556,0.4850082397460937,0.3260081112384796,0.2356813251972198,0.3397085070610046,0.4958987236022949,0.2628788650035858,-0.0184242147952318,0.9410244822502136,0.4868293106555938,0.3196683228015899,0.2234928905963897,0.3451740145683288,0.4884244501590729,0.2621212899684906,-0.0184847917407751,0.9388965368270874,0.4844604134559631,0.3239792585372925,0.2176809161901474,0.3548327088356018,0.4860766530036926,0.2721684873104095,-0.0109491003677248,0.9080448150634766,0.4522945582866668,0.5371078252792358,0.0869878157973289,0.9972625374794006,0.4543300867080688,0.5448127388954163,-0.0869555845856666,0.9966376423835754,0.4733358323574066,0.6866128444671631,0.18390853703022,0.7661686539649963,0.4697762429714203,0.7052670121192932,-0.0079446304589509,0.9155738949775696,0.4629877805709839,0.8223546743392944,0.2986437678337097,0.7713220715522766,0.4589279294013977,0.8537977337837219,0.0995707735419273,0.9497769474983216,0.4534491598606109,0.8423881530761719,0.3069870173931122,0.773620069026947,0.4462454915046692,0.8781961798667908,0.1091480627655983,0.9002597332000732,0.4836381077766418,0.8558838367462158,0.2786534428596496,0.81397545337677,0.4670151472091675,0.8905735611915588,0.0602971985936164,0.940634787082672,13
235,0.481082946062088,0.2670334279537201,-0.0525968000292778,0.9972274899482728,0.4802621006965637,0.2525193989276886,-0.0445861481130123,0.9965702891349792,0.4792717099189758,0.2508121728897095,-0.0446172915399074,0.9957155585289,0.4781522452831268,0.2488589584827423,-0.0446360260248184,0.9964656829833984,0.4802917838096618,0.2534105181694031,-0.0769090130925178,0.9969948530197144,0.4794964790344238,0.2525451183319092,-0.0768956616520881,0.9969396591186525,0.4785868227481842,0.2514122426509857,-0.0769010484218597,0.9971799850463868,0.4681578576564789,0.2412998974323272,0.0089309150353074,0.9939404129981996,0.4681608378887176,0.2441234141588211,-0.138134092092514,0.9967296719551086,0.4749804139137268,0.2735702097415924,-0.0290602855384349,0.9933692216873168,0.4750611484050751,0.2748723030090332,-0.071150854229927,0.9929070472717284,0.431309163570404,0.3055052161216736,0.1059038564562797,0.9970215559005736,0.4452136754989624,0.3166050910949707,-0.1932954341173172,0.9992038011550904,0.4644544720649719,0.3532518446445465,0.2289361655712127,0.2520453929901123,0.4955681562423706,0.3716045618057251,-0.1755236238241195,0.97410786151886,0.4803177416324615,0.3127324283123016,0.2680127322673797,0.3191866874694824,0.4942261874675751,0.2858291864395141,-0.0342024117708206,0.9639474153518676,0.4831701219081878,0.3037627339363098,0.2813607454299927,0.3163382112979889,0.4957850277423858,0.2612469494342804,-0.0400557778775692,0.9395317435264589,0.4844897091388702,0.2969268262386322,0.2678218185901642,0.3218153715133667,0.4876036345958709,0.2601403295993805,-0.0406852215528488,0.937594711780548,0.4831654727458954,0.3002224564552307,0.2612858414649963,0.3316881954669952,0.484800785779953,0.2719636559486389,-0.0300992988049983,0.9058777689933776,0.4523357450962066,0.534111499786377,0.0896768495440483,0.9972956776618958,0.4527695477008819,0.5372557044029236,-0.0896164998412132,0.9965533018112184,0.4758360683917999,0.6762361526489258,0.17488694190979,0.7494251728057861,0.4709028303623199,0.6928735971450806,-0.0096106557175517,0.9167001247406006,0.4663968980312347,0.8096584677696228,0.2868129909038543,0.7696029543876648,0.4562663435935974,0.8490946292877197,0.0996231809258461,0.951361119747162,0.4605055749416351,0.8341314792633057,0.294789046049118,0.7703452706336975,0.4427125155925751,0.8693110942840576,0.109422966837883,0.9014077186584472,0.4839528501033783,0.8546186685562134,0.2621209025382995,0.8164271116256714,0.4668906927108764,0.8906729221343994,0.06053451821208,0.9426177740097046,13
236,0.4826814532279968,0.2582815885543823,-0.0473581999540329,0.9973254799842834,0.4831786453723907,0.2458740770816803,-0.0393296517431736,0.9966270327568054,0.4824578166007995,0.2444145232439041,-0.039348304271698,0.9957816004753112,0.4816223382949829,0.2427928447723388,-0.0393649600446224,0.9965192079544068,0.4829529523849487,0.2461753040552139,-0.0721423253417015,0.9970884323120116,0.4821957647800445,0.2451323568820953,-0.0721373111009597,0.9970641136169434,0.4812632799148559,0.243808627128601,-0.0721563473343849,0.9972936511039734,0.4722278714179992,0.2355393469333648,0.0136148603633046,0.9940696358680724,0.4707967042922973,0.2360323518514633,-0.1369705498218536,0.9969015717506408,0.4765737354755401,0.2632702589035034,-0.0235143210738897,0.9935913681983948,0.4763237535953522,0.2635127305984497,-0.066497728228569,0.9932138919830322,0.4418149888515472,0.2968193292617798,0.1127946376800537,0.9969942569732666,0.4419664740562439,0.3050762414932251,-0.188934251666069,0.9992284178733826,0.4789621233940124,0.3451815545558929,0.22798852622509,0.2337219566106796,0.494895875453949,0.370235800743103,-0.1626301109790802,0.9734275341033936,0.4884118139743805,0.2999079525470733,0.2548206150531769,0.2996680736541748,0.4913075566291809,0.2855006158351898,-0.0097139934077858,0.9632022380828856,0.4905170202255249,0.289216935634613,0.2665793597698211,0.297208309173584,0.493457019329071,0.2606464326381683,-0.0099695427343249,0.9388824701309204,0.4906298220157623,0.2839770317077636,0.2586512267589569,0.3027404248714447,0.4839635193347931,0.2620763480663299,-0.015385964885354,0.937126398086548,0.4889106750488281,0.2873306572437286,0.2495965212583542,0.3128873109817505,0.4830181300640106,0.2707787454128265,-0.0068352338857948,0.90526282787323,0.4553134143352508,0.5287600755691528,0.0860249921679496,0.9973763823509216,0.4524791538715362,0.5304988026618958,-0.0859720408916473,0.9965853095054626,0.4805156588554382,0.6657376885414124,0.148093968629837,0.7564592361450195,0.464057981967926,0.6922461986541748,-0.0071416068822145,0.9186505675315856,0.468412846326828,0.7950299382209778,0.215020939707756,0.7762875556945801,0.444276213645935,0.8525903820991516,0.0874775648117065,0.9533777832984924,0.4623116552829742,0.8249204754829407,0.2192322611808776,0.7738710045814514,0.4312322437763214,0.8710632920265198,0.095023363828659,0.90304034948349,0.4875951111316681,0.8495510220527649,0.1788812577724456,0.8249222040176392,0.4651674628257751,0.8925467133522034,0.038685817271471,0.9452902674674988,13
237,0.4860154986381531,0.2569241225719452,-0.0254855696111917,0.9974916577339172,0.4867595732212066,0.2445783615112304,-0.0167628191411495,0.9968131184577942,0.4861684143543243,0.2431689500808715,-0.0167841035872697,0.996013641357422,0.4854960739612579,0.2416034489870071,-0.0168207287788391,0.9967057704925536,0.4863177835941314,0.2446928769350052,-0.0489038452506065,0.9972615838050842,0.4855076372623443,0.2435717582702636,-0.0489237196743488,0.9972608685493468,0.4845375120639801,0.2421952486038208,-0.0489464439451694,0.9974733591079712,0.4763230085372925,0.2347944527864456,0.0337771140038967,0.994363009929657,0.474187433719635,0.2343306541442871,-0.112647958099842,0.9971248507499696,0.4799023270606994,0.2618463337421417,-0.0031221613753587,0.993934154510498,0.479337990283966,0.2617985010147095,-0.0454646944999694,0.9936044216156006,0.4474582076072693,0.289942592382431,0.1250269412994384,0.9969347715377808,0.4406841695308685,0.298220545053482,-0.1737575829029083,0.9992494583129884,0.4800035357475281,0.3348580300807953,0.250143438577652,0.2152352035045623,0.4935747683048248,0.3624692857265472,-0.1324754655361175,0.971575140953064,0.4884600341320038,0.2907072305679321,0.2940894365310669,0.2783512771129608,0.4904612898826599,0.2791177034378052,0.0438375324010849,0.959974765777588,0.4909684956073761,0.2803083956241607,0.3074054419994354,0.2769246101379394,0.4900087714195251,0.2576500475406647,0.0484195724129676,0.9357253313064576,0.4906644225120544,0.2765523493289947,0.3000194132328033,0.2823106646537781,0.4810436367988586,0.2529090940952301,0.0432607568800449,0.9339447617530824,0.4888631105422973,0.2796136140823364,0.2892840206623077,0.2929142117500305,0.4801789224147796,0.2596844434738159,0.0474535264074802,0.900918424129486,0.4633391499519348,0.5242859125137329,0.0837648808956146,0.9975221157073976,0.4494199454784393,0.5259324908256531,-0.0837230384349823,0.9967482686042786,0.4897175133228302,0.6606513857841492,0.1137739643454551,0.768466591835022,0.4517117440700531,0.6980084776878357,-0.0182099733501672,0.9224569797515868,0.4716392457485199,0.7948532700538635,0.2059628963470459,0.7870259284973145,0.4265036284923553,0.8595100045204163,0.0560181736946105,0.9559714198112488,0.4625951945781708,0.8174105286598206,0.2128118425607681,0.7802899479866028,0.4125486612319946,0.8823792934417725,0.0619724951684474,0.9035384058952332,0.4967963099479675,0.8477853536605835,0.1735000163316726,0.8348882794380188,0.4583534300327301,0.9050669074058532,-0.0032227409537881,0.9482356905937196,13
238,0.4894751608371734,0.2588365375995636,-0.0205971579998731,0.9977151155471802,0.4910902380943298,0.2470615804195404,-0.0111025255173444,0.9970855116844176,0.4908650815486908,0.2458223402500152,-0.0111112836748361,0.9963526129722596,0.4905266761779785,0.2443408817052841,-0.0111344894394278,0.9969821572303772,0.4899526536464691,0.2470291405916214,-0.0424740836024284,0.9975024461746216,0.4889032542705536,0.2457993924617767,-0.042507104575634,0.9975088834762572,0.4876913130283355,0.2444462776184082,-0.0425280816853046,0.997702181339264,0.480643481016159,0.2362179011106491,0.0414521805942058,0.9948347806930542,0.4763698279857635,0.2354935407638549,-0.1013175323605537,0.9973921775817872,0.484312891960144,0.2647294700145721,0.0021797867957502,0.9944403767585754,0.4827583730220794,0.2642748057842254,-0.0393110029399395,0.9941557049751282,0.4528500437736511,0.2892740070819855,0.1287835985422134,0.9970648288726808,0.4421272575855255,0.2997626364231109,-0.160207986831665,0.9993063807487488,0.4851885139942169,0.3207893669605255,0.2547183930873871,0.2015513181686401,0.4925065040588379,0.3622151911258697,-0.1248514801263809,0.9717295169830322,0.4918223619461059,0.2716325521469116,0.3003259003162384,0.2635904252529144,0.4917505085468292,0.2816061079502105,0.0478937402367591,0.95883047580719,0.494247555732727,0.2602285146713257,0.3123262822628021,0.2626098990440368,0.4917295277118683,0.260452538728714,0.0540879927575588,0.9349268078804016,0.4926619529724121,0.2572218179702759,0.3058075904846191,0.2679436504840851,0.4833667874336242,0.2538679540157318,0.0474817007780075,0.9331637024879456,0.4909615516662597,0.2608329355716705,0.2956654131412506,0.27939173579216,0.4825091361999511,0.2597499489784241,0.0513932891190052,0.8998262286186218,0.4659058451652527,0.5239359736442566,0.0824599713087081,0.9976924061775208,0.448748767375946,0.5261636972427368,-0.0824196860194206,0.996988832950592,0.4945009052753448,0.6595876216888428,0.1105050295591354,0.7791763544082642,0.4467120766639709,0.7039766907691956,-0.0447548851370811,0.9274620413780212,0.4756234288215637,0.7979039549827576,0.1886127740144729,0.7990695834159851,0.4157966077327728,0.8654598593711853,-0.0078158928081393,0.9587678909301758,0.4658487141132355,0.8229470252990723,0.1934147328138351,0.7880513072013855,0.4020231664180755,0.8884221911430359,-0.0060110436752438,0.904677391052246,0.5076614618301392,0.8482793569564819,0.1540863513946533,0.8452395796775818,0.448506623506546,0.9142627120018004,-0.0718070194125175,0.951267659664154,13
